,Symbol,Date,Close,High,Low,Open,Volume
0,FB,2017-01-02,115.05,115.05,115.05,115.05,0
1,FB,2017-01-03,116.86,117.84,115.51,116.03,20663912
2,FB,2017-01-04,118.69,119.66,117.29,117.55,19630932
3,FB,2017-01-05,120.67,120.95,118.3209,118.86,19492150
4,FB,2017-01-06,123.41,123.88,120.03,120.98,28545263
5,FB,2017-01-09,124.9,125.43,123.04,123.55,22880360
6,FB,2017-01-10,124.35,125.5,124.28,124.82,17324590
7,FB,2017-01-11,126.09,126.12,124.06,124.35,18356523
8,FB,2017-01-12,126.62,126.73,124.8,125.61,18653914
9,FB,2017-01-13,128.34,129.27,127.37,127.49,24884325
10,FB,2017-01-16,128.34,128.34,128.34,128.34,0
11,FB,2017-01-17,127.87,128.34,127.4,128.04,15294460
12,FB,2017-01-18,127.92,128.43,126.84,128.41,13145852
13,FB,2017-01-19,127.55,128.35,127.45,128.23,12195465
14,FB,2017-01-20,127.04,128.48,126.78,128.1,19097223
15,FB,2017-01-23,128.93,129.25,126.95,127.31,16593563
16,FB,2017-01-24,129.37,129.9,128.38,129.38,15162724
17,FB,2017-01-25,131.48,131.74,129.77,130.0,18777314
18,FB,2017-01-26,132.78,133.14,131.4401,131.63,20020141
19,FB,2017-01-27,132.18,132.95,131.08,132.68,19539514
20,FB,2017-01-30,130.98,131.58,129.6,131.58,18956095
21,FB,2017-01-31,130.32,130.66,129.5157,130.17,19790484
22,FB,2017-02-01,133.23,133.49,130.68,132.25,50139775
23,FB,2017-02-02,130.84,135.49,130.4,133.22,54366447
24,FB,2017-02-03,130.98,132.85,130.76,131.24,24804890
25,FB,2017-02-06,132.06,132.06,130.3,130.98,17058494
26,FB,2017-02-07,131.84,133.0,131.661,132.24,14596449
27,FB,2017-02-08,134.2,134.44,132.44,132.6,22390556
28,FB,2017-02-09,134.14,134.5,133.31,134.49,16470609
29,FB,2017-02-10,134.19,134.94,133.68,134.1,15061939
30,FB,2017-02-13,134.05,134.6975,133.7,134.6975,13526221
31,FB,2017-02-14,133.85,134.23,132.55,134.1,14364877
32,FB,2017-02-15,133.44,133.7,132.66,133.45,13226534
33,FB,2017-02-16,133.84,133.87,133.022,133.07,12831092
34,FB,2017-02-17,133.53,134.0912,133.17,133.5,12276490
35,FB,2017-02-20,133.53,133.53,133.53,133.53,0
36,FB,2017-02-21,133.72,133.91,132.9,133.5,14759109
37,FB,2017-02-22,136.12,136.79,133.46,133.6,27360092
38,FB,2017-02-23,135.36,136.12,134.33,135.89,18422549
39,FB,2017-02-24,135.44,135.62,134.16,134.16,12625742
40,FB,2017-02-27,136.41,137.1846,135.02,135.26,14306668
41,FB,2017-02-28,135.54,136.805,134.75,136.79,16112092
42,FB,2017-03-01,137.42,137.48,136.3,136.47,16257010
43,FB,2017-03-02,136.76,137.82,136.31,137.09,12294804
44,FB,2017-03-03,137.17,137.33,136.08,136.63,11160563
45,FB,2017-03-06,137.42,137.83,136.51,136.88,12748179
46,FB,2017-03-07,137.3,138.37,136.99,137.03,13527132
47,FB,2017-03-08,137.72,137.99,137.0516,137.15,10184514
48,FB,2017-03-09,138.24,138.57,137.4,137.72,15535259
49,FB,2017-03-10,138.79,139.49,138.22,138.91,16314112
50,FB,2017-03-13,139.6,139.68,138.6729,139.1401,10955450
51,FB,2017-03-14,139.32,139.46,138.52,139.46,12944018
52,FB,2017-03-15,139.72,140.1,138.49,139.29,19344826
53,FB,2017-03-16,139.99,140.25,139.73,140.2,13612942
54,FB,2017-03-17,139.84,140.34,139.7,140.34,20592818
55,FB,2017-03-20,139.94,140.19,139.25,139.71,12099471
56,FB,2017-03-21,138.51,142.3082,138.4,141.15,29894784
57,FB,2017-03-22,139.59,139.79,137.6,137.93,17055449
58,FB,2017-03-23,139.53,140.39,139.09,139.48,13022801
59,FB,2017-03-24,140.34,141.0244,139.76,140.08,16664683
60,FB,2017-03-27,140.32,140.65,138.77,139.05,12800544
61,FB,2017-03-28,141.76,141.95,140.01,140.36,14679436
62,FB,2017-03-29,142.65,142.86,141.43,141.99,16527574
63,FB,2017-03-30,142.41,142.95,141.85,142.4,12403997
64,FB,2017-03-31,142.05,142.63,141.89,142.31,11478265
65,FB,2017-04-03,142.28,142.47,140.82,141.93,13563960
66,FB,2017-04-04,141.73,142.09,141.27,141.86,12948599
67,FB,2017-04-05,141.85,143.44,141.29,142.26,17158059
68,FB,2017-04-06,141.17,142.22,140.91,142.11,15103426
69,FB,2017-04-07,140.78,141.55,140.24,141.2,11818341
70,FB,2017-04-10,141.04,141.43,140.63,141.0,9039366
71,FB,2017-04-11,139.92,141.0299,138.81,140.8,16638086
72,FB,2017-04-12,139.58,140.4,139.44,139.72,11612456
73,FB,2017-04-13,139.39,140.58,139.33,139.62,10965614
74,FB,2017-04-14,139.39,139.39,139.39,139.39,0
75,FB,2017-04-17,141.42,141.55,139.75,139.76,11519663
76,FB,2017-04-18,140.96,141.905,140.61,141.27,14807472
77,FB,2017-04-19,142.27,143.04,141.27,141.35,15563945
78,FB,2017-04-20,143.8,144.25,142.689,142.95,15968164
79,FB,2017-04-21,143.68,144.17,142.27,143.9,12382002
80,FB,2017-04-24,145.47,145.6738,144.34,144.96,14407175
81,FB,2017-04-25,146.49,147.15,145.7898,145.79,17747594
82,FB,2017-04-26,146.56,147.59,146.09,147.09,12394959
83,FB,2017-04-27,147.7,147.75,146.14,146.67,11275112
84,FB,2017-04-28,150.25,151.53,149.07,149.5,30652248
85,FB,2017-05-01,152.46,152.57,151.42,151.74,25218300
86,FB,2017-05-02,152.78,153.44,151.66,153.34,21870380
87,FB,2017-05-03,151.8,153.6,151.34,153.6,29782492
88,FB,2017-05-04,150.85,151.52,148.72,150.17,36225452
89,FB,2017-05-05,150.24,151.63,149.79,151.45,17148543
90,FB,2017-05-08,151.06,151.08,149.74,150.71,15827488
91,FB,2017-05-09,150.48,152.59,150.21,151.49,17453859
92,FB,2017-05-10,150.29,150.52,148.86,150.23,12080650
93,FB,2017-05-11,150.04,150.65,149.41,150.31,11841864
94,FB,2017-05-12,150.33,150.46,149.63,150.4,9598229
95,FB,2017-05-15,150.19,151.48,149.77,150.17,15064664
96,FB,2017-05-16,149.78,150.21,149.03,150.11,14550830
97,FB,2017-05-17,144.85,148.67,144.4216,148.0,28300050
98,FB,2017-05-18,147.66,148.15,144.51,144.72,23031566
99,FB,2017-05-19,148.06,149.39,147.96,148.445,16187892
100,FB,2017-05-22,148.24,148.59,147.69,148.08,12586712
101,FB,2017-05-23,148.07,148.81,147.25,148.52,12817837
102,FB,2017-05-24,150.04,150.23,148.42,148.51,17940668
103,FB,2017-05-25,151.96,152.59,149.95,150.3,19891352
104,FB,2017-05-26,152.13,152.25,151.15,152.23,14996185
105,FB,2017-05-29,152.13,152.13,152.13,152.13,0
106,FB,2017-05-30,152.38,152.9,151.64,151.97,13226007
107,FB,2017-05-31,151.46,153.35,151.09,152.7,18023917
108,FB,2017-06-01,151.53,152.29,150.3,151.75,14530600
109,FB,2017-06-02,153.61,153.63,151.3,151.85,16854365
110,FB,2017-06-05,153.63,154.7088,153.41,153.64,12520387
111,FB,2017-06-06,152.81,154.52,152.48,153.41,13457119
112,FB,2017-06-07,153.12,153.75,152.34,153.27,12066657
113,FB,2017-06-08,154.71,154.73,153.1,154.08,17799449
114,FB,2017-06-09,149.6,155.59,146.61,154.77,35577676
115,FB,2017-06-12,148.44,149.195,144.56,148.17,33170180
116,FB,2017-06-13,150.68,151.18,148.9,150.15,20483350
117,FB,2017-06-14,150.25,152.4,149.05,151.26,20808759
118,FB,2017-06-15,149.8,150.0366,146.3747,147.67,18994152
119,FB,2017-06-16,150.64,150.83,148.6,149.59,22882417
120,FB,2017-06-19,152.87,153.57,151.71,151.71,19026462
121,FB,2017-06-20,152.25,153.84,152.21,152.88,14743853
122,FB,2017-06-21,153.91,154.08,151.88,152.36,15039834
123,FB,2017-06-22,153.4,154.55,152.91,153.01,13005535
124,FB,2017-06-23,155.07,155.2,152.65,152.72,18026977
125,FB,2017-06-26,153.59,156.5,153.1954,156.25,18049651
126,FB,2017-06-27,150.58,153.31,150.39,152.84,19360766
127,FB,2017-06-28,153.24,153.47,149.86,150.92,16719104
128,FB,2017-06-29,151.04,152.5,148.9175,152.28,23973482
129,FB,2017-06-30,150.98,151.92,150.06,151.9,17666022
130,FB,2017-07-03,148.43,152.15,147.8,151.72,13862735
131,FB,2017-07-04,148.43,148.43,148.43,148.43,0
132,FB,2017-07-05,150.34,150.85,148.13,149.0,14334290
133,FB,2017-07-06,148.82,150.04,148.0,149.03,14951802
134,FB,2017-07-07,151.44,151.99,149.19,149.25,13615931
135,FB,2017-07-10,153.5,153.98,151.51,151.69,13378672
136,FB,2017-07-11,155.27,155.4225,152.91,153.37,13667744
137,FB,2017-07-12,158.9,159.16,156.2,156.49,22739388
138,FB,2017-07-13,159.26,159.78,158.4227,158.74,13929236
139,FB,2017-07-14,159.97,160.32,159.3254,160.13,16371206
140,FB,2017-07-17,159.73,160.78,158.81,160.25,12858836
141,FB,2017-07-18,162.86,163.73,159.42,159.66,23722910
142,FB,2017-07-19,164.14,165.7,163.17,163.59,26273642
143,FB,2017-07-20,164.53,165.0,162.81,164.8,18523107
144,FB,2017-07-21,164.43,165.05,163.75,164.16,14744002
145,FB,2017-07-24,166.0,166.17,164.31,164.64,17366971
146,FB,2017-07-25,165.28,165.54,163.8619,165.01,15383241
147,FB,2017-07-26,165.61,166.01,164.1,166.01,35236867
148,FB,2017-07-27,170.44,175.49,167.5,174.7,68910708
149,FB,2017-07-28,172.45,173.43,169.05,169.07,24557553
150,FB,2017-07-31,169.25,172.72,168.55,172.0,25478945
151,FB,2017-08-01,169.86,170.47,169.05,169.82,14384957
152,FB,2017-08-02,169.3,170.55,166.91,170.3,17433774
153,FB,2017-08-03,168.59,169.7,168.25,169.3,10793841
154,FB,2017-08-04,169.62,170.06,168.69,168.97,10777727
155,FB,2017-08-07,171.98,172.06,169.66,169.95,12787844
156,FB,2017-08-08,171.23,173.05,170.62,171.88,14393524
157,FB,2017-08-09,171.18,171.45,169.56,169.98,10814984
158,FB,2017-08-10,167.4,170.59,166.85,170.06,20832746
159,FB,2017-08-11,168.08,168.82,166.85,167.95,13791153
160,FB,2017-08-14,170.75,171.08,169.29,170.09,12954231
161,FB,2017-08-15,171.0,171.5,170.01,171.49,8729172
162,FB,2017-08-16,170.0,171.38,169.24,171.25,15779924
163,FB,2017-08-17,166.91,169.86,166.85,169.34,17216030
164,FB,2017-08-18,167.41,168.67,166.21,166.84,15093638
165,FB,2017-08-21,167.78,168.0,165.82,167.16,11907488
166,FB,2017-08-22,169.64,169.87,167.15,168.28,11390975
167,FB,2017-08-23,168.71,169.36,168.2,168.84,9856473
168,FB,2017-08-24,167.74,169.29,166.41,168.88,14030420
169,FB,2017-08-25,166.32,168.38,166.18,167.86,12614477
170,FB,2017-08-28,167.24,167.7,166.33,166.91,8553741
171,FB,2017-08-29,168.05,168.425,165.0,165.25,11120986
172,FB,2017-08-30,169.92,170.18,167.63,168.17,11138293
173,FB,2017-08-31,171.97,172.145,170.06,170.4,17226465
174,FB,2017-09-01,172.02,172.915,171.31,172.4,11677589
175,FB,2017-09-04,172.02,172.02,172.02,172.02,0
176,FB,2017-09-05,170.72,172.3875,169.55,171.27,13221127
177,FB,2017-09-06,172.09,172.48,169.57,170.91,13906342
178,FB,2017-09-07,173.21,173.3067,170.27,171.94,18049527
179,FB,2017-09-08,170.95,173.49,170.8,173.09,10998459
180,FB,2017-09-11,173.51,173.89,172.2,172.4,12372040
181,FB,2017-09-12,172.96,174.0,171.75,173.76,11186328
182,FB,2017-09-13,173.05,173.17,172.06,173.01,9119295
183,FB,2017-09-14,170.96,172.28,170.5,172.26,15615654
184,FB,2017-09-15,171.64,172.34,170.26,170.88,15660539
185,FB,2017-09-18,170.01,172.07,169.34,171.99,12954013
186,FB,2017-09-19,172.52,172.56,170.36,170.62,13168595
187,FB,2017-09-20,172.17,173.05,170.7,172.5,12264125
188,FB,2017-09-21,171.11,172.27,170.01,171.69,11161412
189,FB,2017-09-22,170.54,171.73,169.22,170.21,12097138
190,FB,2017-09-25,162.87,169.3,161.56,169.24,41251583
191,FB,2017-09-26,164.21,165.5,162.78,164.5,23363335
192,FB,2017-09-27,167.68,168.34,165.57,165.9,19242548
193,FB,2017-09-28,168.73,169.0696,167.16,167.94,12178747
194,FB,2017-09-29,170.87,171.66,168.81,168.83,15340366
195,FB,2017-10-02,169.47,171.87,168.75,171.39,13392280
196,FB,2017-10-03,169.96,170.73,169.2,169.3,8190272
197,FB,2017-10-04,168.42,170.67,168.29,169.83,12127887
198,FB,2017-10-05,171.24,171.31,168.6,169.18,14580628
199,FB,2017-10-06,172.23,172.37,169.75,170.25,13124473
200,FB,2017-10-09,172.5,174.88,172.0,172.7,14570413
201,FB,2017-10-10,171.59,173.2,170.8,173.0,11341081
202,FB,2017-10-11,172.74,172.78,171.4,171.95,11283663
203,FB,2017-10-12,172.55,173.85,172.29,172.61,10351044
204,FB,2017-10-13,173.74,174.65,173.2,173.45,13658307
205,FB,2017-10-16,174.52,175.0,174.06,174.49,11498752
206,FB,2017-10-17,176.11,176.13,174.36,174.71,15990079
207,FB,2017-10-18,176.03,176.74,175.75,176.65,12752351
208,FB,2017-10-19,174.56,176.03,172.63,174.93,14048350
209,FB,2017-10-20,174.98,175.88,174.63,175.5,12602238
210,FB,2017-10-23,171.27,175.34,171.25,175.2,13852658
211,FB,2017-10-24,171.8,173.24,171.5,172.3,12267913
212,FB,2017-10-25,170.6,172.25,168.89,171.9,15868197
213,FB,2017-10-26,170.63,172.285,170.39,171.38,11833141
214,FB,2017-10-27,177.88,178.21,173.9,174.15,30285281
215,FB,2017-10-30,179.87,180.69,177.61,179.26,24353160
216,FB,2017-10-31,180.06,180.8,178.94,180.57,20174231
217,FB,2017-11-01,182.66,182.9,180.57,182.36,40918341
218,FB,2017-11-02,178.92,181.94,177.34,180.63,35529893
219,FB,2017-11-03,178.92,179.86,176.71,179.29,17822131
220,FB,2017-11-06,180.17,180.45,178.31,178.56,13312741
221,FB,2017-11-07,180.25,180.7478,178.96,180.5,12928182
222,FB,2017-11-08,179.56,180.35,179.11,179.79,10494149
223,FB,2017-11-09,179.3,179.4,177.09,178.31,12610335
224,FB,2017-11-10,178.46,179.0999,177.96,178.35,11070189
225,FB,2017-11-13,178.77,179.04,177.3,177.5,9523447
226,FB,2017-11-14,178.07,178.97,177.18,178.13,9585868
227,FB,2017-11-15,177.95,178.57,176.4,176.66,10253667
228,FB,2017-11-16,179.59,179.83,178.5,178.76,15607582
229,FB,2017-11-17,179.0,179.98,178.9,179.3,13017980
230,FB,2017-11-20,178.74,179.5,178.1,178.87,10052391
231,FB,2017-11-21,181.86,181.89,178.99,179.15,14503990
232,FB,2017-11-22,180.87,181.73,180.44,181.3,10376329
233,FB,2017-11-23,180.87,180.87,180.87,180.87,0
234,FB,2017-11-24,182.78,183.15,180.29,180.4,9426283
235,FB,2017-11-27,183.03,183.73,181.99,182.56,12344516
236,FB,2017-11-28,182.42,184.25,182.09,183.51,14379674
237,FB,2017-11-29,175.13,181.97,174.0,181.89,41933484
238,FB,2017-11-30,177.18,178.275,175.2,176.85,25307601
239,FB,2017-12-01,175.1,177.48,172.34,176.03,20182523
240,FB,2017-12-04,171.47,176.57,170.79,176.29,24459422
241,FB,2017-12-05,172.83,175.38,169.01,170.45,20184908
242,FB,2017-12-06,176.06,176.77,171.9,172.5,20255846
243,FB,2017-12-07,180.14,180.39,175.8,175.8,20404533
244,FB,2017-12-08,179.0,182.28,178.7401,181.53,19883764
245,FB,2017-12-11,179.04,180.22,178.8,179.3,13168575
246,FB,2017-12-12,176.96,179.18,176.6,178.6,16854098
247,FB,2017-12-13,178.3,179.16,177.25,177.3,14615718
248,FB,2017-12-14,178.39,180.3601,177.68,178.29,13590999
249,FB,2017-12-15,180.18,180.4934,178.36,179.02,28463101
250,FB,2017-12-18,180.82,181.3,179.75,181.01,17265376
251,FB,2017-12-19,179.51,180.08,178.22,179.95,14920582
252,FB,2017-12-20,177.89,179.81,177.36,179.81,11860497
253,FB,2017-12-21,177.45,178.68,177.05,177.94,11600700
254,FB,2017-12-22,177.2,177.53,176.23,177.14,8509451
255,FB,2017-12-25,177.2,177.2,177.2,177.2,0
256,FB,2017-12-26,175.99,177.0,174.67,176.63,8897286
257,FB,2017-12-27,177.62,178.44,176.26,176.55,9496071
258,FB,2017-12-28,177.92,178.9367,177.68,177.95,12220760
259,FB,2017-12-29,176.46,178.85,176.46,178.0,10261456
260,AAPL,2017-01-02,115.82,115.82,115.82,115.82,0
261,AAPL,2017-01-03,116.15,116.33,114.76,115.8,28781865
262,AAPL,2017-01-04,116.02,116.51,115.75,115.85,21118116
263,AAPL,2017-01-05,116.61,116.8642,115.81,115.92,22193587
264,AAPL,2017-01-06,117.91,118.16,116.47,116.78,31751900
265,AAPL,2017-01-09,118.99,119.43,117.94,117.95,33561948
266,AAPL,2017-01-10,119.11,119.38,118.3,118.77,24462051
267,AAPL,2017-01-11,119.75,119.93,118.6,118.74,27588593
268,AAPL,2017-01-12,119.25,119.3,118.21,118.895,27086220
269,AAPL,2017-01-13,119.04,119.62,118.81,119.11,26111948
270,AAPL,2017-01-16,119.04,119.04,119.04,119.04,0
271,AAPL,2017-01-17,120.0,120.24,118.22,118.34,34439843
272,AAPL,2017-01-18,119.99,120.5,119.71,120.0,23712961
273,AAPL,2017-01-19,119.78,120.09,119.37,119.4,25597291
274,AAPL,2017-01-20,120.0,120.45,119.7346,120.45,32597892
275,AAPL,2017-01-23,120.08,120.81,119.77,120.0,22050218
276,AAPL,2017-01-24,119.97,120.1,119.5,119.55,23211038
277,AAPL,2017-01-25,121.88,122.1,120.28,120.42,32586672
278,AAPL,2017-01-26,121.94,122.44,121.6,121.67,26337576
279,AAPL,2017-01-27,121.95,122.35,121.6,122.14,20562944
280,AAPL,2017-01-30,121.63,121.63,120.66,120.93,30377503
281,AAPL,2017-01-31,121.35,121.39,120.62,121.15,49200993
282,AAPL,2017-02-01,128.75,130.49,127.01,127.03,111985040
283,AAPL,2017-02-02,128.53,129.39,127.78,127.975,33710411
284,AAPL,2017-02-03,129.08,129.19,128.16,128.31,24507301
285,AAPL,2017-02-06,130.29,130.5,128.9,129.13,26845924
286,AAPL,2017-02-07,131.53,132.09,130.45,130.54,38183841
287,AAPL,2017-02-08,132.04,132.22,131.22,131.35,22941341
288,AAPL,2017-02-09,132.42,132.445,131.12,131.65,28349859
289,AAPL,2017-02-10,132.12,132.94,132.05,132.46,20065458
290,AAPL,2017-02-13,133.29,133.82,132.75,133.08,23035421
291,AAPL,2017-02-14,135.02,135.09,133.25,133.47,33226222
292,AAPL,2017-02-15,135.51,136.27,134.62,135.52,35623100
293,AAPL,2017-02-16,135.345,135.9,134.8398,135.67,22584555
294,AAPL,2017-02-17,135.72,135.83,135.1,135.1,22198197
295,AAPL,2017-02-20,135.72,135.72,135.72,135.72,0
296,AAPL,2017-02-21,136.7,136.75,135.98,136.23,24507156
297,AAPL,2017-02-22,137.11,137.12,136.11,136.43,20836932
298,AAPL,2017-02-23,136.53,137.48,136.3,137.38,20788186
299,AAPL,2017-02-24,136.66,136.66,135.28,135.91,21776585
300,AAPL,2017-02-27,136.93,137.435,136.28,137.14,20257426
301,AAPL,2017-02-28,136.99,137.435,136.7,137.08,23482860
302,AAPL,2017-03-01,139.79,140.15,137.595,137.89,36414585
303,AAPL,2017-03-02,138.96,140.2786,138.76,140.0,26210984
304,AAPL,2017-03-03,139.78,139.83,138.59,138.78,21571121
305,AAPL,2017-03-06,139.34,139.77,138.5959,139.365,21750044
306,AAPL,2017-03-07,139.52,139.98,138.79,139.06,17446297
307,AAPL,2017-03-08,139.0,139.8,138.82,138.95,18707236
308,AAPL,2017-03-09,138.68,138.79,137.05,138.74,22155904
309,AAPL,2017-03-10,139.14,139.3571,138.64,139.25,19612801
310,AAPL,2017-03-13,139.2,139.43,138.82,139.16,17421717
311,AAPL,2017-03-14,138.99,139.65,138.84,139.3,15309065
312,AAPL,2017-03-15,140.46,140.7501,139.025,139.41,25691774
313,AAPL,2017-03-16,140.69,141.02,140.26,140.72,19231998
314,AAPL,2017-03-17,139.99,141.0,139.89,141.0,43884952
315,AAPL,2017-03-20,141.46,141.5,140.23,140.4,21542038
316,AAPL,2017-03-21,139.84,142.8,139.73,142.11,39529912
317,AAPL,2017-03-22,141.42,141.6,139.76,139.845,25860165
318,AAPL,2017-03-23,140.92,141.5844,140.61,141.26,20346301
319,AAPL,2017-03-24,140.64,141.74,140.35,141.5,22395563
320,AAPL,2017-03-27,140.88,141.22,138.62,139.39,23575094
321,AAPL,2017-03-28,143.8,144.04,140.62,140.91,33374805
322,AAPL,2017-03-29,144.12,144.49,143.19,143.68,29189955
323,AAPL,2017-03-30,143.93,144.5,143.5,144.19,21207252
324,AAPL,2017-03-31,143.66,144.27,143.01,143.72,19661651
325,AAPL,2017-04-03,143.7,144.12,143.05,143.71,19985714
326,AAPL,2017-04-04,144.77,144.89,143.17,143.25,19891354
327,AAPL,2017-04-05,144.02,145.46,143.81,144.22,27717854
328,AAPL,2017-04-06,143.66,144.52,143.45,144.29,21149034
329,AAPL,2017-04-07,143.34,144.18,143.27,143.73,16672198
330,AAPL,2017-04-10,143.17,143.8792,142.9,143.6,18933397
331,AAPL,2017-04-11,141.63,143.35,140.06,142.94,30379376
332,AAPL,2017-04-12,141.8,142.15,141.01,141.6,20350000
333,AAPL,2017-04-13,141.05,142.38,141.05,141.91,17822880
334,AAPL,2017-04-14,141.05,141.05,141.05,141.05,0
335,AAPL,2017-04-17,141.83,141.88,140.87,141.48,16582094
336,AAPL,2017-04-18,141.2,142.04,141.11,141.41,14697544
337,AAPL,2017-04-19,140.68,142.0,140.45,141.88,17328375
338,AAPL,2017-04-20,142.44,142.92,141.16,141.22,23319562
339,AAPL,2017-04-21,142.27,142.68,141.85,142.44,17320928
340,AAPL,2017-04-24,143.64,143.95,143.18,143.5,17134333
341,AAPL,2017-04-25,144.53,144.9,143.87,143.91,18848191
342,AAPL,2017-04-26,143.68,144.6,143.3762,144.47,20041241
343,AAPL,2017-04-27,143.79,144.16,143.31,143.9225,14246347
344,AAPL,2017-04-28,143.65,144.3,143.27,144.09,20860358
345,AAPL,2017-05-01,146.58,147.2,144.96,145.1,33602943
346,AAPL,2017-05-02,147.51,148.09,146.84,147.54,45352194
347,AAPL,2017-05-03,147.06,147.49,144.27,145.59,45697034
348,AAPL,2017-05-04,146.53,147.14,145.81,146.52,23371872
349,AAPL,2017-05-05,148.96,148.98,146.76,146.76,27327725
350,AAPL,2017-05-08,153.01,153.7,149.03,149.03,48752413
351,AAPL,2017-05-09,153.99,154.88,153.45,153.87,39130363
352,AAPL,2017-05-10,153.26,153.94,152.11,153.63,25805692
353,AAPL,2017-05-11,153.95,154.07,152.31,152.45,27255058
354,AAPL,2017-05-12,156.1,156.42,154.67,154.7,32527017
355,AAPL,2017-05-15,155.7,156.65,155.05,156.01,26009719
356,AAPL,2017-05-16,155.47,156.06,154.72,155.94,20048478
357,AAPL,2017-05-17,150.25,154.57,149.71,153.6,50767678
358,AAPL,2017-05-18,152.54,153.34,151.13,151.27,33568215
359,AAPL,2017-05-19,153.06,153.98,152.63,153.38,26960788
360,AAPL,2017-05-22,153.99,154.58,152.91,154.0,22966437
361,AAPL,2017-05-23,153.8,154.9,153.31,154.9,19918871
362,AAPL,2017-05-24,153.34,154.17,152.67,153.84,19219154
363,AAPL,2017-05-25,153.87,154.35,153.03,153.73,19235598
364,AAPL,2017-05-26,153.61,154.24,153.31,154.0,21927637
365,AAPL,2017-05-29,153.61,153.61,153.61,153.61,0
366,AAPL,2017-05-30,153.67,154.43,153.33,153.42,20126851
367,AAPL,2017-05-31,152.76,154.17,152.38,153.97,24451164
368,AAPL,2017-06-01,153.18,153.33,152.22,153.17,16404088
369,AAPL,2017-06-02,155.45,155.45,152.89,153.58,27770715
370,AAPL,2017-06-05,153.93,154.45,153.46,154.34,25331662
371,AAPL,2017-06-06,154.45,155.81,153.78,153.9,26624926
372,AAPL,2017-06-07,155.37,155.98,154.48,155.02,21069647
373,AAPL,2017-06-08,154.99,155.54,154.4,155.25,21250798
374,AAPL,2017-06-09,148.98,155.19,146.02,155.19,64882656
375,AAPL,2017-06-12,145.42,146.09,142.51,145.74,72307330
376,AAPL,2017-06-13,146.59,147.45,145.15,147.16,34165445
377,AAPL,2017-06-14,145.16,147.5,143.84,147.5,31531232
378,AAPL,2017-06-15,144.29,144.4798,142.21,143.32,32165373
379,AAPL,2017-06-16,142.27,144.5,142.2,143.78,50361093
380,AAPL,2017-06-19,146.34,146.74,143.66,143.66,32541404
381,AAPL,2017-06-20,145.01,146.87,144.94,146.87,24900073
382,AAPL,2017-06-21,145.87,146.0693,144.61,145.52,21265751
383,AAPL,2017-06-22,145.63,146.7,145.1199,145.77,19106294
384,AAPL,2017-06-23,146.28,147.16,145.11,145.13,35439389
385,AAPL,2017-06-26,145.82,148.28,145.38,147.17,25692361
386,AAPL,2017-06-27,143.73,146.16,143.62,145.01,24761891
387,AAPL,2017-06-28,145.83,146.11,143.1601,144.49,22082432
388,AAPL,2017-06-29,143.68,145.13,142.28,144.71,31499368
389,AAPL,2017-06-30,144.02,144.96,143.78,144.45,23024107
390,AAPL,2017-07-03,143.5,145.3001,143.1,144.88,14277848
391,AAPL,2017-07-04,143.5,143.5,143.5,143.5,0
392,AAPL,2017-07-05,144.09,144.79,142.7237,143.69,21569557
393,AAPL,2017-07-06,142.73,143.5,142.41,143.02,24128782
394,AAPL,2017-07-07,144.18,144.75,142.9,142.9,19201712
395,AAPL,2017-07-10,145.06,145.95,143.37,144.11,21090636
396,AAPL,2017-07-11,145.53,145.85,144.38,144.73,19781836
397,AAPL,2017-07-12,145.74,146.18,144.82,145.87,24884478
398,AAPL,2017-07-13,147.77,148.49,145.44,145.5,25199373
399,AAPL,2017-07-14,149.04,149.33,147.33,147.97,20132061
400,AAPL,2017-07-17,149.56,150.9,148.57,148.82,23793456
401,AAPL,2017-07-18,150.08,150.13,148.67,149.2,17868792
402,AAPL,2017-07-19,151.02,151.42,149.95,150.48,20922969
403,AAPL,2017-07-20,150.34,151.74,150.19,151.5,17243748
404,AAPL,2017-07-21,150.27,150.44,148.88,149.99,26252630
405,AAPL,2017-07-24,152.09,152.44,149.9,150.58,21493160
406,AAPL,2017-07-25,152.74,153.84,151.8,151.8,18853932
407,AAPL,2017-07-26,153.46,153.93,153.06,153.35,15780951
408,AAPL,2017-07-27,150.56,153.99,147.3,153.75,32476337
409,AAPL,2017-07-28,149.5,150.23,149.19,149.89,17213653
410,AAPL,2017-07-31,148.73,150.33,148.13,149.9,19845920
411,AAPL,2017-08-01,150.05,150.22,148.41,149.1,35368645
412,AAPL,2017-08-02,157.14,159.75,156.16,159.28,69936800
413,AAPL,2017-08-03,155.57,157.21,155.02,157.05,27097296
414,AAPL,2017-08-04,156.39,157.4,155.69,156.07,20559852
415,AAPL,2017-08-07,158.81,158.92,156.6701,157.06,21870321
416,AAPL,2017-08-08,160.08,161.83,158.27,158.6,36205896
417,AAPL,2017-08-09,161.06,161.27,159.11,159.26,26131530
418,AAPL,2017-08-10,155.32,160.0,154.63,159.9,40804273
419,AAPL,2017-08-11,157.48,158.5728,156.07,156.6,26257096
420,AAPL,2017-08-14,159.85,160.21,158.75,159.32,22122734
421,AAPL,2017-08-15,161.6,162.195,160.14,160.66,29465487
422,AAPL,2017-08-16,160.95,162.51,160.15,161.94,27671612
423,AAPL,2017-08-17,157.86,160.71,157.84,160.52,27940565
424,AAPL,2017-08-18,157.5,159.5,156.72,157.86,27428069
425,AAPL,2017-08-21,157.21,157.89,155.1101,157.5,26368528
426,AAPL,2017-08-22,159.78,160.0,158.02,158.23,21604585
427,AAPL,2017-08-23,159.98,160.47,158.88,159.07,19399081
428,AAPL,2017-08-24,159.27,160.74,158.55,160.43,19818918
429,AAPL,2017-08-25,159.86,160.56,159.27,159.65,25480063
430,AAPL,2017-08-28,161.47,162.0,159.93,160.14,25965972
431,AAPL,2017-08-29,162.91,163.12,160.0,160.1,29516910
432,AAPL,2017-08-30,163.35,163.89,162.61,163.8,27269584
433,AAPL,2017-08-31,164.0,164.52,163.48,163.64,26785096
434,AAPL,2017-09-01,164.05,164.94,163.63,164.8,16591051
435,AAPL,2017-09-04,164.05,164.05,164.05,164.05,0
436,AAPL,2017-09-05,162.08,164.25,160.56,163.75,29536314
437,AAPL,2017-09-06,161.91,162.99,160.52,162.71,21651726
438,AAPL,2017-09-07,161.26,162.24,160.36,162.09,21928502
439,AAPL,2017-09-08,158.63,161.15,158.53,160.86,28611535
440,AAPL,2017-09-11,161.5,162.05,159.89,160.5,31580798
441,AAPL,2017-09-12,160.86,163.96,158.77,162.61,71714046
442,AAPL,2017-09-13,159.65,159.96,157.91,159.87,44907361
443,AAPL,2017-09-14,158.28,159.4,158.09,158.99,23760749
444,AAPL,2017-09-15,159.88,160.97,158.0,158.47,49114602
445,AAPL,2017-09-18,158.67,160.5,157.995,160.11,28269435
446,AAPL,2017-09-19,158.73,159.77,158.44,159.51,20810632
447,AAPL,2017-09-20,156.07,158.26,153.83,157.9,52951364
448,AAPL,2017-09-21,153.39,155.8,152.75,155.8,37511661
449,AAPL,2017-09-22,151.89,152.27,150.56,152.02,46645443
450,AAPL,2017-09-25,150.55,151.83,149.16,149.99,44387336
451,AAPL,2017-09-26,153.14,153.92,151.69,151.78,36660045
452,AAPL,2017-09-27,154.23,154.7189,153.54,153.8,25504227
453,AAPL,2017-09-28,153.28,154.28,152.7,153.89,22005455
454,AAPL,2017-09-29,154.12,154.13,152.0,153.21,26299810
455,AAPL,2017-10-02,153.81,154.45,152.72,154.26,18698842
456,AAPL,2017-10-03,154.48,155.09,153.91,154.01,16230293
457,AAPL,2017-10-04,153.48,153.86,152.46,153.63,20163750
458,AAPL,2017-10-05,155.39,155.44,154.05,154.18,21283769
459,AAPL,2017-10-06,155.3,155.49,154.56,154.97,17407558
460,AAPL,2017-10-09,155.84,156.73,155.485,155.81,16262923
461,AAPL,2017-10-10,155.9,158.0,155.1,156.055,15617014
462,AAPL,2017-10-11,156.55,156.98,155.75,155.97,16905640
463,AAPL,2017-10-12,156.0,157.37,155.7299,156.35,16125053
464,AAPL,2017-10-13,156.99,157.28,156.41,156.73,16394188
465,AAPL,2017-10-16,159.88,160.0,157.65,157.9,24121452
466,AAPL,2017-10-17,160.47,160.87,159.23,159.78,18997275
467,AAPL,2017-10-18,159.76,160.71,159.6,160.42,16374164
468,AAPL,2017-10-19,155.98,157.08,155.02,156.75,42584166
469,AAPL,2017-10-20,156.25,157.75,155.96,156.61,23974146
470,AAPL,2017-10-23,156.17,157.69,155.5,156.89,21984327
471,AAPL,2017-10-24,157.1,157.42,156.2,156.29,17757230
472,AAPL,2017-10-25,156.41,157.55,155.27,156.91,21207098
473,AAPL,2017-10-26,157.41,157.8295,156.78,157.23,17000469
474,AAPL,2017-10-27,163.05,163.6,158.7,159.29,44454160
475,AAPL,2017-10-30,166.72,168.07,163.72,163.89,44700772
476,AAPL,2017-10-31,169.04,169.6499,166.94,167.9,36046828
477,AAPL,2017-11-01,166.89,169.94,165.61,169.87,33637762
478,AAPL,2017-11-02,168.11,168.5,165.28,167.64,41393373
479,AAPL,2017-11-03,172.5,174.26,171.12,174.0,59398631
480,AAPL,2017-11-06,174.25,174.99,171.72,172.365,35026306
481,AAPL,2017-11-07,174.81,175.25,173.6,173.91,24361485
482,AAPL,2017-11-08,176.24,176.24,174.33,174.66,24409527
483,AAPL,2017-11-09,175.88,176.095,173.14,175.11,29482596
484,AAPL,2017-11-10,174.67,175.38,174.27,175.11,25145500
485,AAPL,2017-11-13,173.97,174.5,173.4,173.5,16982080
486,AAPL,2017-11-14,171.34,173.48,171.18,173.04,24782487
487,AAPL,2017-11-15,169.08,170.3197,168.38,169.97,29158070
488,AAPL,2017-11-16,171.1,171.87,170.3,171.18,23637484
489,AAPL,2017-11-17,170.15,171.39,169.64,171.04,21899544
490,AAPL,2017-11-20,169.98,170.56,169.56,170.29,16262447
491,AAPL,2017-11-21,173.14,173.7,170.78,170.78,25131295
492,AAPL,2017-11-22,174.96,175.0,173.05,173.36,25588925
493,AAPL,2017-11-23,174.96,174.96,174.96,174.96,0
494,AAPL,2017-11-24,174.97,175.5,174.6459,175.1,14026673
495,AAPL,2017-11-27,174.09,175.08,173.34,175.05,20716802
496,AAPL,2017-11-28,173.07,174.87,171.86,174.3,26428802
497,AAPL,2017-11-29,169.48,172.92,167.16,172.63,41666364
498,AAPL,2017-11-30,171.85,172.14,168.44,170.43,41527218
499,AAPL,2017-12-01,171.05,171.67,168.5,169.95,39759288
500,AAPL,2017-12-04,169.8,172.62,169.63,172.48,32542385
501,AAPL,2017-12-05,169.64,171.52,168.4,169.06,27350154
502,AAPL,2017-12-06,169.01,170.2047,166.46,167.5,28560000
503,AAPL,2017-12-07,169.32,170.44,168.91,169.03,25673308
504,AAPL,2017-12-08,169.37,171.0,168.82,170.49,23355231
505,AAPL,2017-12-11,172.67,172.89,168.79,169.2,35273759
506,AAPL,2017-12-12,171.7,172.39,171.461,172.15,19409230
507,AAPL,2017-12-13,172.27,173.54,172.0,172.5,23818447
508,AAPL,2017-12-14,172.22,173.13,171.65,172.4,20476541
509,AAPL,2017-12-15,173.97,174.17,172.46,173.63,40169307
510,AAPL,2017-12-18,176.42,177.2,174.86,174.88,29421114
511,AAPL,2017-12-19,174.54,175.39,174.09,175.03,27436447
512,AAPL,2017-12-20,174.35,175.42,173.25,174.87,23475649
513,AAPL,2017-12-21,175.01,176.02,174.1,174.17,20949896
514,AAPL,2017-12-22,175.01,175.424,174.5,174.68,16349443
515,AAPL,2017-12-25,175.01,175.01,175.01,175.01,0
516,AAPL,2017-12-26,170.57,171.47,169.679,170.8,33185536
517,AAPL,2017-12-27,170.6,170.78,169.71,170.1,21498213
518,AAPL,2017-12-28,171.08,171.85,170.48,171.0,16480187
519,AAPL,2017-12-29,169.23,170.59,169.22,170.52,25999922
520,AMZN,2017-01-02,749.87,749.87,749.87,749.87,0
521,AMZN,2017-01-03,753.67,758.7595,747.7,757.92,3521066
522,AMZN,2017-01-04,757.18,759.68,754.2,758.39,2510526
523,AMZN,2017-01-05,780.45,782.3999,760.2557,761.55,5830068
524,AMZN,2017-01-06,795.99,799.44,778.48,782.36,5986234
525,AMZN,2017-01-09,796.92,801.7742,791.77,798.0,3446109
526,AMZN,2017-01-10,795.9,798.0,789.5434,796.6,2558369
527,AMZN,2017-01-11,799.02,799.5,789.51,793.66,2992791
528,AMZN,2017-01-12,813.64,814.13,799.5,800.31,4873922
529,AMZN,2017-01-13,817.14,821.65,811.4,814.32,3791945
530,AMZN,2017-01-16,817.14,817.14,817.14,817.14,0
531,AMZN,2017-01-17,809.72,816.0,803.44,815.7,3670529
532,AMZN,2017-01-18,807.48,811.73,804.27,809.5,2354201
533,AMZN,2017-01-19,809.04,813.51,807.32,810.0,2540784
534,AMZN,2017-01-20,808.33,816.02,806.26,815.28,3376196
535,AMZN,2017-01-23,817.88,818.5,805.08,806.8,2797474
536,AMZN,2017-01-24,822.44,823.99,814.5,822.0,2971740
537,AMZN,2017-01-25,836.52,837.4183,825.288,825.79,4023078
538,AMZN,2017-01-26,839.15,843.84,833.0,835.53,3586323
539,AMZN,2017-01-27,835.77,839.7,829.44,839.0,2998700
540,AMZN,2017-01-30,830.38,833.5,816.38,833.0,3747336
541,AMZN,2017-01-31,823.48,826.99,819.56,823.75,3137196
542,AMZN,2017-02-01,832.35,833.78,824.94,829.21,3850181
543,AMZN,2017-02-02,839.95,842.49,828.26,836.59,7350492
544,AMZN,2017-02-03,810.2,818.3,804.0,806.72,10868773
545,AMZN,2017-02-06,807.64,810.72,803.0,809.8,3897301
546,AMZN,2017-02-07,812.5,816.16,807.5,809.31,3466091
547,AMZN,2017-02-08,819.71,821.479,812.5,812.69,2857985
548,AMZN,2017-02-09,821.36,825.0,819.71,821.6,2484948
549,AMZN,2017-02-10,827.46,828.0,822.85,823.82,2429609
550,AMZN,2017-02-13,836.53,842.9999,828.55,831.62,4172618
551,AMZN,2017-02-14,836.39,838.31,831.4522,837.0,2792442
552,AMZN,2017-02-15,842.7,842.81,832.82,834.0,2968853
553,AMZN,2017-02-16,844.14,845.0,839.375,841.84,2714667
554,AMZN,2017-02-17,845.07,847.27,840.73,842.0,3112275
555,AMZN,2017-02-20,845.07,845.07,845.07,845.07,0
556,AMZN,2017-02-21,856.44,857.98,847.25,848.84,3507742
557,AMZN,2017-02-22,855.61,858.43,852.18,856.95,2616971
558,AMZN,2017-02-23,852.19,860.86,848.0,857.57,3461984
559,AMZN,2017-02-24,845.24,845.81,837.7501,844.69,3687963
560,AMZN,2017-02-27,848.64,852.5,839.67,842.38,2713627
561,AMZN,2017-02-28,845.04,854.09,842.05,851.45,2793709
562,AMZN,2017-03-01,853.08,854.83,849.01,853.05,2760083
563,AMZN,2017-03-02,848.91,854.82,847.28,853.08,2132098
564,AMZN,2017-03-03,849.88,851.985,846.27,847.2,1951575
565,AMZN,2017-03-06,846.61,848.49,841.12,845.23,2610370
566,AMZN,2017-03-07,846.02,848.46,843.75,845.48,2247554
567,AMZN,2017-03-08,850.5,853.07,846.79,848.0,2288317
568,AMZN,2017-03-09,853.0,856.3999,850.31,851.0,2048187
569,AMZN,2017-03-10,852.46,857.35,851.72,857.0,2436434
570,AMZN,2017-03-13,854.59,855.69,851.71,853.11,1909672
571,AMZN,2017-03-14,852.53,853.75,847.55,853.55,2130586
572,AMZN,2017-03-15,852.97,854.45,847.11,854.33,2562176
573,AMZN,2017-03-16,853.42,855.5,850.51,855.3,1842296
574,AMZN,2017-03-17,852.31,853.83,850.64,853.49,3384403
575,AMZN,2017-03-20,856.97,857.8,851.01,851.51,2282727
576,AMZN,2017-03-21,843.2,862.795,841.31,858.84,4382852
577,AMZN,2017-03-22,848.06,849.37,839.05,840.43,2658669
578,AMZN,2017-03-23,847.38,850.89,844.8,848.2,1952964
579,AMZN,2017-03-24,845.61,851.8,843.53,851.68,2138269
580,AMZN,2017-03-27,846.82,850.3,833.5,838.07,2755775
581,AMZN,2017-03-28,856.0,858.46,850.1,851.75,3041633
582,AMZN,2017-03-29,874.32,876.438,859.02,859.05,4485770
583,AMZN,2017-03-30,876.34,877.06,871.66,874.95,2762730
584,AMZN,2017-03-31,886.54,890.35,876.65,877.0,3957612
585,AMZN,2017-04-03,891.51,893.49,885.42,888.0,3422328
586,AMZN,2017-04-04,906.83,908.5384,890.28,891.5,4984656
587,AMZN,2017-04-05,909.28,923.72,905.62,910.82,7508370
588,AMZN,2017-04-06,898.28,917.1899,894.4927,913.8,6344065
589,AMZN,2017-04-07,894.88,900.09,889.31,899.65,3710922
590,AMZN,2017-04-10,907.04,908.51,899.0,899.63,3184301
591,AMZN,2017-04-11,902.36,911.24,897.5,907.04,3012743
592,AMZN,2017-04-12,896.23,904.09,895.2501,903.09,2456140
593,AMZN,2017-04-13,884.67,894.97,884.49,891.45,3174583
594,AMZN,2017-04-14,884.67,884.67,884.67,884.67,0
595,AMZN,2017-04-17,901.99,902.38,887.5,887.5,2854673
596,AMZN,2017-04-18,903.78,909.61,900.78,900.99,2999238
597,AMZN,2017-04-19,899.2,910.5,897.369,907.84,2870242
598,AMZN,2017-04-20,902.06,905.32,896.29,899.7,2814441
599,AMZN,2017-04-21,898.53,903.65,896.77,902.67,2420494
600,AMZN,2017-04-24,907.41,909.99,903.82,908.68,3122893
601,AMZN,2017-04-25,907.62,909.48,903.0,907.04,3378371
602,AMZN,2017-04-26,909.29,915.749,907.56,910.3,2608948
603,AMZN,2017-04-27,918.38,921.86,912.11,914.39,5305543
604,AMZN,2017-04-28,924.99,949.59,924.3335,948.83,7364681
605,AMZN,2017-05-01,948.23,954.4,927.8,927.8,5466544
606,AMZN,2017-05-02,946.94,950.1,941.413,946.645,3848835
607,AMZN,2017-05-03,941.03,946.0,935.9,946.0,3582686
608,AMZN,2017-05-04,937.53,945.0,934.215,944.75,2418381
609,AMZN,2017-05-05,934.15,940.79,930.3,940.52,2866397
610,AMZN,2017-05-08,949.04,949.05,939.21,940.95,3415731
611,AMZN,2017-05-09,952.82,957.89,950.2,952.8,3262113
612,AMZN,2017-05-10,948.95,953.7499,945.0,953.5,2096512
613,AMZN,2017-05-11,947.62,950.29,940.775,945.11,2194070
614,AMZN,2017-05-12,961.35,962.79,951.53,954.5,3625857
615,AMZN,2017-05-15,957.97,963.15,956.055,958.73,4270625
616,AMZN,2017-05-16,966.07,970.06,960.91,961.0,3126051
617,AMZN,2017-05-17,944.76,960.3957,944.12,954.7,5145578
618,AMZN,2017-05-18,958.49,962.75,944.76,944.8,3939347
619,AMZN,2017-05-19,959.84,968.92,959.72,962.84,3972089
620,AMZN,2017-05-22,970.67,971.38,962.9,964.0,2642217
621,AMZN,2017-05-23,971.54,975.2,966.85,975.02,2415594
622,AMZN,2017-05-24,980.35,981.0,970.23,976.0,2463052
623,AMZN,2017-05-25,993.38,999.0,982.11,984.85,4822032
624,AMZN,2017-05-26,995.78,998.65,989.2491,995.0,3469154
625,AMZN,2017-05-29,995.78,995.78,995.78,995.78,0
626,AMZN,2017-05-30,996.7,1001.2,995.52,996.51,3263069
627,AMZN,2017-05-31,994.62,1000.12,982.16,1000.0,3913115
628,AMZN,2017-06-01,995.95,998.99,991.37,998.59,2454841
629,AMZN,2017-06-02,1006.73,1008.48,995.67,998.99,3752328
630,AMZN,2017-06-05,1011.34,1013.21,1003.51,1007.23,2719859
631,AMZN,2017-06-06,1003.0,1016.5,1001.25,1012.0,3346432
632,AMZN,2017-06-07,1010.07,1010.249,1002.0,1005.95,2823041
633,AMZN,2017-06-08,1010.27,1013.61,1006.11,1012.06,2767857
634,AMZN,2017-06-09,978.31,1012.99,927.0,1012.5,7647692
635,AMZN,2017-06-12,964.91,975.95,945.0,967.0,9447233
636,AMZN,2017-06-13,980.79,984.5,966.1,977.99,4580011
637,AMZN,2017-06-14,976.47,990.34,966.71,988.59,3974900
638,AMZN,2017-06-15,964.17,965.73,950.86,958.7,5373865
639,AMZN,2017-06-16,987.71,999.75,982.0,996.0,11472662
640,AMZN,2017-06-19,995.17,1017.0,989.9,1017.0,5043408
641,AMZN,2017-06-20,992.59,1004.88,992.02,998.0,4076828
642,AMZN,2017-06-21,1002.23,1002.72,992.6518,998.7,2922473
643,AMZN,2017-06-22,1001.3,1006.9599,997.2,1002.23,2253433
644,AMZN,2017-06-23,1003.74,1004.62,998.02,1002.54,2879145
645,AMZN,2017-06-26,993.98,1009.8,992.0,1008.5,3386157
646,AMZN,2017-06-27,976.78,998.8,976.0,990.69,3782389
647,AMZN,2017-06-28,990.33,990.68,969.21,978.55,3737567
648,AMZN,2017-06-29,975.93,987.56,965.25,979.0,4302968
649,AMZN,2017-06-30,968.0,983.47,967.61,980.12,3390345
650,AMZN,2017-07-03,953.66,974.49,951.0001,972.79,2909108
651,AMZN,2017-07-04,953.66,953.66,953.66,953.66,0
652,AMZN,2017-07-05,971.4,975.0,955.25,961.53,3652955
653,AMZN,2017-07-06,965.14,974.4,959.02,964.66,3259613
654,AMZN,2017-07-07,978.76,980.11,969.14,969.55,2643387
655,AMZN,2017-07-10,996.47,999.4392,983.5,985.0,3546268
656,AMZN,2017-07-11,994.13,995.99,983.72,993.0,2982726
657,AMZN,2017-07-12,1006.51,1008.55,998.1,1000.65,3608574
658,AMZN,2017-07-13,1000.63,1006.88,995.9,1004.62,2880769
659,AMZN,2017-07-14,1001.81,1004.45,996.89,1002.4,2102469
660,AMZN,2017-07-17,1010.04,1014.75,1003.81,1004.69,3712587
661,AMZN,2017-07-18,1024.45,1026.03,1004.0,1006.0,4007624
662,AMZN,2017-07-19,1026.87,1031.59,1022.5,1025.0,2963964
663,AMZN,2017-07-20,1028.7,1034.97,1022.515,1031.59,3097487
664,AMZN,2017-07-21,1025.67,1026.1,1011.0,1021.28,2734577
665,AMZN,2017-07-24,1038.95,1043.01,1027.4279,1028.34,3288020
666,AMZN,2017-07-25,1039.87,1043.3346,1032.48,1038.05,2447629
667,AMZN,2017-07-26,1052.8,1053.2,1043.2,1043.2,2921253
668,AMZN,2017-07-27,1046.0,1083.31,1040.18,1069.55,10991715
669,AMZN,2017-07-28,1020.04,1032.85,1001.0,1012.14,7709420
670,AMZN,2017-07-31,987.78,1019.05,987.02,1019.05,7352063
671,AMZN,2017-08-01,996.19,1006.4,991.58,996.11,4572576
672,AMZN,2017-08-02,995.89,1003.21,981.73,1001.77,4069993
673,AMZN,2017-08-03,986.92,999.5,984.59,999.47,3255764
674,AMZN,2017-08-04,987.58,991.672,982.0,989.68,2730308
675,AMZN,2017-08-07,992.27,995.0,987.14,990.65,2676607
676,AMZN,2017-08-08,989.84,996.28,985.79,994.35,2902815
677,AMZN,2017-08-09,982.01,988.0,975.27,982.6,3569731
678,AMZN,2017-08-10,956.92,979.86,954.68,976.295,5684068
679,AMZN,2017-08-11,967.99,970.39,951.38,960.0,3468017
680,AMZN,2017-08-14,983.3,985.5,976.19,978.41,3172892
681,AMZN,2017-08-15,982.74,991.74,982.0,988.9,2549295
682,AMZN,2017-08-16,978.18,986.4605,973.22,981.65,3132066
683,AMZN,2017-08-17,960.57,977.84,960.32,977.84,3512397
684,AMZN,2017-08-18,958.47,965.43,954.65,961.4,3284821
685,AMZN,2017-08-21,953.29,961.2,945.46,957.57,3164483
686,AMZN,2017-08-22,966.9,967.93,955.495,955.52,2749970
687,AMZN,2017-08-23,958.0,962.0,954.2,959.38,2668264
688,AMZN,2017-08-24,952.45,959.0,941.14,957.42,5195726
689,AMZN,2017-08-25,945.26,957.621,944.1,956.0,3324791
690,AMZN,2017-08-28,946.02,953.0,942.25,946.54,2596737
691,AMZN,2017-08-29,954.06,956.0,936.33,940.0,2874299
692,AMZN,2017-08-30,967.59,969.41,956.9062,958.44,2904604
693,AMZN,2017-08-31,980.6,981.0,972.76,974.7,3331488
694,AMZN,2017-09-01,978.25,984.5,976.875,984.2,2535917
695,AMZN,2017-09-04,978.25,978.25,978.25,978.25,0
696,AMZN,2017-09-05,965.27,976.7699,960.37,975.4,2998649
697,AMZN,2017-09-06,967.8,971.84,960.6,968.32,2129861
698,AMZN,2017-09-07,979.47,980.59,972.55,974.0,2566794
699,AMZN,2017-09-08,965.9,979.88,963.47,979.1,2605322
700,AMZN,2017-09-11,977.96,981.94,974.22,974.46,2186666
701,AMZN,2017-09-12,982.58,984.6718,975.517,983.27,2481066
702,AMZN,2017-09-13,999.6,1000.0,979.42,983.97,3374650
703,AMZN,2017-09-14,992.21,998.56,987.74,996.8,3913263
704,AMZN,2017-09-15,986.79,996.25,984.03,993.01,3760183
705,AMZN,2017-09-18,974.19,992.7922,968.17,990.4,3411324
706,AMZN,2017-09-19,969.86,978.24,967.46,977.25,2671054
707,AMZN,2017-09-20,973.21,974.81,962.1626,971.79,2888795
708,AMZN,2017-09-21,964.65,971.7,962.02,971.31,2337576
709,AMZN,2017-09-22,955.1,965.61,954.42,961.01,2641787
710,AMZN,2017-09-25,939.79,949.42,932.89,949.31,5123997
711,AMZN,2017-09-26,938.6,948.63,931.75,945.49,3564848
712,AMZN,2017-09-27,950.87,955.3,943.3,948.0,3148933
713,AMZN,2017-09-28,956.4,959.7,950.101,951.86,2522567
714,AMZN,2017-09-29,961.35,964.83,958.375,960.11,2543759
715,AMZN,2017-10-02,959.19,967.305,952.1201,964.0,2442937
716,AMZN,2017-10-03,957.1,963.69,950.37,958.0,2666574
717,AMZN,2017-10-04,965.45,967.79,954.05,954.21,2527352
718,AMZN,2017-10-05,980.85,981.51,969.64,970.0,3229224
719,AMZN,2017-10-06,989.58,995.75,975.64,975.64,3782067
720,AMZN,2017-10-09,990.99,998.5,987.5,993.24,2938586
721,AMZN,2017-10-10,987.2,997.95,980.099,996.67,3084921
722,AMZN,2017-10-11,995.0,995.5,986.695,991.27,2337113
723,AMZN,2017-10-12,1000.93,1008.44,992.4,996.81,4067317
724,AMZN,2017-10-13,1002.94,1007.77,1001.03,1007.0,2431462
725,AMZN,2017-10-16,1006.34,1009.5717,1001.04,1008.44,2008908
726,AMZN,2017-10-17,1009.13,1011.4699,1004.38,1005.59,2319742
727,AMZN,2017-10-18,997.0,1022.31,996.55,1009.27,2499681
728,AMZN,2017-10-19,986.61,991.05,980.24,990.0,3108197
729,AMZN,2017-10-20,982.91,994.62,982.0,993.53,2365122
730,AMZN,2017-10-23,966.3,986.775,962.5,986.73,3494100
731,AMZN,2017-10-24,975.9,979.85,965.0,969.0,2723935
732,AMZN,2017-10-25,972.91,984.44,966.24,978.0,3033113
733,AMZN,2017-10-26,972.43,982.9,968.55,980.33,5618675
734,AMZN,2017-10-27,1100.95,1105.58,1050.55,1058.14,16565021
735,AMZN,2017-10-30,1110.85,1122.79,1093.56,1095.01,6613064
736,AMZN,2017-10-31,1105.28,1110.54,1101.1201,1109.0,3476967
737,AMZN,2017-11-01,1103.68,1108.97,1096.74,1105.4,3755511
738,AMZN,2017-11-02,1094.22,1101.935,1086.8691,1097.81,3684876
739,AMZN,2017-11-03,1111.6,1112.68,1088.52,1091.15,3751480
740,AMZN,2017-11-06,1120.66,1125.41,1108.77,1109.15,3381138
741,AMZN,2017-11-07,1123.17,1130.6,1117.5,1124.74,2688977
742,AMZN,2017-11-08,1132.88,1135.54,1119.11,1122.82,2581451
743,AMZN,2017-11-09,1129.13,1129.6209,1115.77,1125.96,3732732
744,AMZN,2017-11-10,1125.35,1131.75,1124.06,1126.1,2179937
745,AMZN,2017-11-13,1129.17,1139.9,1122.34,1123.0,2918439
746,AMZN,2017-11-14,1136.84,1138.0,1123.89,1130.11,3138423
747,AMZN,2017-11-15,1126.69,1131.75,1121.63,1127.01,3928680
748,AMZN,2017-11-16,1137.29,1138.16,1130.05,1130.16,2213322
749,AMZN,2017-11-17,1129.88,1138.8,1125.8101,1138.28,2413388
750,AMZN,2017-11-20,1126.31,1133.42,1122.55,1129.77,2163855
751,AMZN,2017-11-21,1139.49,1140.0,1128.2,1132.86,2479397
752,AMZN,2017-11-22,1156.16,1160.27,1141.0,1141.0,3555273
753,AMZN,2017-11-23,1156.16,1156.16,1156.16,1156.16,0
754,AMZN,2017-11-24,1186.0,1186.84,1160.7,1160.7,3528011
755,AMZN,2017-11-27,1195.83,1213.41,1191.15,1202.66,6744045
756,AMZN,2017-11-28,1193.6,1205.34,1188.521,1204.88,4559449
757,AMZN,2017-11-29,1161.27,1194.8,1145.19,1194.8,9257512
758,AMZN,2017-11-30,1176.75,1178.5701,1160.0,1167.1,4509208
759,AMZN,2017-12-01,1162.35,1179.65,1152.0,1172.05,4107094
760,AMZN,2017-12-04,1133.95,1175.2,1128.0,1173.85,5931915
761,AMZN,2017-12-05,1141.57,1159.27,1124.74,1128.26,4079773
762,AMZN,2017-12-06,1152.35,1155.89,1136.08,1137.99,2853316
763,AMZN,2017-12-07,1159.79,1163.19,1151.0,1156.59,2511569
764,AMZN,2017-12-08,1162.0,1172.79,1157.1,1170.4,3050074
765,AMZN,2017-12-11,1168.92,1169.9,1157.0,1164.6,2363473
766,AMZN,2017-12-12,1165.08,1173.6,1161.61,1166.51,2235892
767,AMZN,2017-12-13,1164.13,1170.87,1160.27,1170.0,2616760
768,AMZN,2017-12-14,1174.26,1177.93,1162.45,1163.71,3214337
769,AMZN,2017-12-15,1179.14,1182.75,1169.33,1179.03,4778621
770,AMZN,2017-12-18,1190.58,1194.78,1180.91,1187.37,2947625
771,AMZN,2017-12-19,1187.38,1192.97,1179.1401,1189.15,2587792
772,AMZN,2017-12-20,1177.62,1191.0,1176.0,1190.5,2371166
773,AMZN,2017-12-21,1174.76,1179.17,1167.64,1175.9,2123117
774,AMZN,2017-12-22,1168.36,1174.6199,1167.8301,1172.08,1585054
775,AMZN,2017-12-25,1168.36,1168.36,1168.36,1168.36,0
776,AMZN,2017-12-26,1176.76,1178.32,1160.55,1168.36,2005186
777,AMZN,2017-12-27,1182.26,1187.29,1175.61,1179.91,1867208
778,AMZN,2017-12-28,1186.1,1190.1,1184.38,1189.0,1841676
779,AMZN,2017-12-29,1169.47,1184.0,1167.5,1182.35,2688391
780,NFLX,2017-01-02,123.8,123.8,123.8,123.8,0
781,NFLX,2017-01-03,127.49,128.19,124.31,124.96,9437856
782,NFLX,2017-01-04,129.41,130.17,126.55,127.49,7843559
783,NFLX,2017-01-05,131.81,132.75,128.9,129.22,10185516
784,NFLX,2017-01-06,131.07,133.88,129.81,132.08,10657878
785,NFLX,2017-01-09,130.95,131.99,129.89,131.48,5771835
786,NFLX,2017-01-10,129.89,132.22,129.29,131.27,5985809
787,NFLX,2017-01-11,130.5,131.5,129.2475,130.91,5615061
788,NFLX,2017-01-12,129.18,130.85,128.5,130.63,5388880
789,NFLX,2017-01-13,133.7,133.93,130.58,131.15,10515015
790,NFLX,2017-01-16,133.7,133.7,133.7,133.7,0
791,NFLX,2017-01-17,132.89,135.4,132.09,135.04,12220202
792,NFLX,2017-01-18,133.26,133.65,131.06,133.21,16168617
793,NFLX,2017-01-19,138.41,143.46,138.25,142.01,23203441
794,NFLX,2017-01-20,138.6,140.79,137.66,139.36,9497394
795,NFLX,2017-01-23,137.39,139.49,137.31,138.65,7433896
796,NFLX,2017-01-24,140.11,140.93,137.03,138.11,7754673
797,NFLX,2017-01-25,139.52,141.39,139.05,140.8,7612888
798,NFLX,2017-01-26,138.96,141.21,138.51,140.45,6038313
799,NFLX,2017-01-27,142.45,142.49,139.0,139.46,8323866
800,NFLX,2017-01-30,141.22,141.967,138.8,141.77,8122481
801,NFLX,2017-01-31,140.71,141.83,139.7,140.55,4411631
802,NFLX,2017-02-01,140.78,142.41,139.3,141.2,6033422
803,NFLX,2017-02-02,139.2,141.04,139.05,140.61,3462370
804,NFLX,2017-02-03,140.25,140.64,139.1,139.51,3512568
805,NFLX,2017-02-06,140.97,141.0,139.16,140.0,3552066
806,NFLX,2017-02-07,144.0,144.28,141.05,141.49,8573515
807,NFLX,2017-02-08,144.74,145.07,142.56,143.57,6887050
808,NFLX,2017-02-09,144.14,145.09,143.58,144.98,4555119
809,NFLX,2017-02-10,144.82,145.2992,143.97,144.68,6171936
810,NFLX,2017-02-13,143.2,145.95,143.05,145.19,4790435
811,NFLX,2017-02-14,140.82,144.11,140.05,143.2,8367786
812,NFLX,2017-02-15,142.27,142.43,140.51,140.72,5309050
813,NFLX,2017-02-16,142.01,142.44,141.07,142.42,2847496
814,NFLX,2017-02-17,142.22,142.9,141.27,141.75,4588073
815,NFLX,2017-02-20,142.22,142.22,142.22,142.22,0
816,NFLX,2017-02-21,142.6,143.38,141.81,142.99,3571481
817,NFLX,2017-02-22,143.86,144.0,142.17,142.92,3481968
818,NFLX,2017-02-23,142.78,144.49,141.5196,144.45,4667978
819,NFLX,2017-02-24,143.25,143.56,141.55,141.88,3302714
820,NFLX,2017-02-27,143.41,143.92,142.38,143.12,3907377
821,NFLX,2017-02-28,142.13,143.57,141.85,143.3,3862221
822,NFLX,2017-03-01,142.65,143.26,142.1,142.84,4170649
823,NFLX,2017-03-02,139.53,142.7,139.09,142.15,6119945
824,NFLX,2017-03-03,139.14,140.91,138.26,139.69,5401104
825,NFLX,2017-03-06,141.94,142.84,140.54,141.0,7116118
826,NFLX,2017-03-07,141.43,142.4,140.38,141.99,4241037
827,NFLX,2017-03-08,140.32,142.06,139.7704,141.47,4092550
828,NFLX,2017-03-09,140.53,141.24,139.74,140.04,2652740
829,NFLX,2017-03-10,140.89,141.8,140.28,141.39,3318464
830,NFLX,2017-03-13,143.52,143.71,140.321,140.846,4922432
831,NFLX,2017-03-14,143.19,143.31,141.7,142.95,4660294
832,NFLX,2017-03-15,145.25,145.52,143.23,144.2,5987198
833,NFLX,2017-03-16,144.39,146.5,144.22,145.5,5286456
834,NFLX,2017-03-17,145.11,145.76,143.4,144.05,6281316
835,NFLX,2017-03-20,145.83,146.25,144.58,145.45,3421046
836,NFLX,2017-03-21,142.42,147.7,142.1,146.75,7669753
837,NFLX,2017-03-22,142.65,143.8,140.76,142.545,6486893
838,NFLX,2017-03-23,141.84,142.89,141.26,142.14,3712625
839,NFLX,2017-03-24,142.02,142.8,141.58,142.36,3546599
840,NFLX,2017-03-27,144.06,144.39,140.0,140.83,4771650
841,NFLX,2017-03-28,145.17,146.11,143.92,144.1,4638003
842,NFLX,2017-03-29,146.47,147.18,144.9089,145.5,3855031
843,NFLX,2017-03-30,148.06,148.29,146.53,146.81,4461068
844,NFLX,2017-03-31,147.81,148.225,147.33,148.0,3888237
845,NFLX,2017-04-03,146.92,148.005,145.74,146.7,4609336
846,NFLX,2017-04-04,145.5,147.09,144.89,146.84,4368919
847,NFLX,2017-04-05,143.62,146.25,143.26,146.19,4607636
848,NFLX,2017-04-06,143.74,144.14,143.01,144.0,3312410
849,NFLX,2017-04-07,143.11,143.89,142.71,143.79,3040506
850,NFLX,2017-04-10,143.85,144.65,141.21,143.04,5807440
851,NFLX,2017-04-11,144.35,144.54,141.98,144.28,4621451
852,NFLX,2017-04-12,143.83,145.74,143.55,144.85,4386954
853,NFLX,2017-04-13,142.92,144.55,142.76,144.25,3685789
854,NFLX,2017-04-14,142.92,142.92,142.92,142.92,0
855,NFLX,2017-04-17,147.25,147.32,144.43,144.43,16364743
856,NFLX,2017-04-18,143.36,147.4,140.0,147.34,19670975
857,NFLX,2017-04-19,139.76,144.0,138.66,143.37,12395064
858,NFLX,2017-04-20,141.18,141.8,139.27,140.3,7248180
859,NFLX,2017-04-21,142.87,143.03,140.9028,141.39,6824786
860,NFLX,2017-04-24,143.83,144.5,143.4,143.61,4800920
861,NFLX,2017-04-25,152.16,153.52,146.22,147.46,20661741
862,NFLX,2017-04-26,150.17,152.15,148.9,151.53,9274081
863,NFLX,2017-04-27,153.08,153.49,149.3,150.6,7719365
864,NFLX,2017-04-28,152.2,152.97,150.94,152.71,6366247
865,NFLX,2017-05-01,155.35,157.7,151.61,151.91,9031631
866,NFLX,2017-05-02,156.45,156.5,154.61,155.76,5384839
867,NFLX,2017-05-03,155.59,156.54,154.88,156.29,3931244
868,NFLX,2017-05-04,157.25,157.9,154.55,155.59,5582330
869,NFLX,2017-05-05,156.6,158.59,155.9,158.55,5341735
870,NFLX,2017-05-08,156.38,157.64,155.3,156.55,4818794
871,NFLX,2017-05-09,157.46,157.85,155.97,156.1,3911027
872,NFLX,2017-05-10,160.28,161.1,156.56,157.82,6869879
873,NFLX,2017-05-11,158.54,160.52,157.55,160.33,5677360
874,NFLX,2017-05-12,160.81,160.84,158.51,159.11,5092885
875,NFLX,2017-05-15,160.02,161.78,159.76,160.25,4971954
876,NFLX,2017-05-16,159.41,161.18,159.33,160.5,3464912
877,NFLX,2017-05-17,153.2,158.78,153.0,158.09,8184483
878,NFLX,2017-05-18,155.7,156.89,153.24,153.61,6802670
879,NFLX,2017-05-19,157.02,158.05,155.91,156.15,4091485
880,NFLX,2017-05-22,157.16,158.6,156.43,157.86,3744055
881,NFLX,2017-05-23,157.95,158.31,156.8,157.75,3370930
882,NFLX,2017-05-24,157.75,158.48,157.17,158.35,2989797
883,NFLX,2017-05-25,163.05,164.1,160.55,161.0,8560961
884,NFLX,2017-05-26,162.43,163.05,161.12,162.84,4834291
885,NFLX,2017-05-29,162.43,162.43,162.43,162.43,0
886,NFLX,2017-05-30,163.22,164.75,162.71,163.6,4828637
887,NFLX,2017-05-31,163.07,164.0,160.74,163.61,5328919
888,NFLX,2017-06-01,162.99,163.9316,161.7,163.52,3896317
889,NFLX,2017-06-02,165.18,165.36,162.8,163.42,4259081
890,NFLX,2017-06-05,165.06,165.5,163.43,165.49,3875174
891,NFLX,2017-06-06,165.17,166.82,164.51,164.95,4382092
892,NFLX,2017-06-07,165.61,166.4,164.4086,165.6,3353099
893,NFLX,2017-06-08,165.88,166.87,164.84,166.12,3719102
894,NFLX,2017-06-09,158.03,166.27,154.5,166.27,10291954
895,NFLX,2017-06-12,151.44,155.53,148.31,155.3,14114477
896,NFLX,2017-06-13,152.72,155.68,150.13,154.38,8484746
897,NFLX,2017-06-14,152.2,155.615,150.28,154.34,6461758
898,NFLX,2017-06-15,151.76,152.56,147.3,149.44,7319746
899,NFLX,2017-06-16,152.38,153.53,150.39,151.45,6909705
900,NFLX,2017-06-19,153.4,155.58,152.41,154.29,6544298
901,NFLX,2017-06-20,152.05,154.5,151.4,153.68,4878673
902,NFLX,2017-06-21,155.03,155.38,152.26,152.5,5803446
903,NFLX,2017-06-22,154.89,155.2,153.7,155.13,3769167
904,NFLX,2017-06-23,158.02,158.19,153.76,155.01,6250761
905,NFLX,2017-06-26,157.5,159.97,156.56,158.78,6015974
906,NFLX,2017-06-27,151.03,156.9775,150.7197,156.62,7424252
907,NFLX,2017-06-28,153.41,154.2,150.12,151.64,5589883
908,NFLX,2017-06-29,150.09,152.82,148.0,152.82,7142462
909,NFLX,2017-06-30,149.41,150.71,148.42,149.76,5213315
910,NFLX,2017-07-03,146.17,150.45,145.8,149.8,3908215
911,NFLX,2017-07-04,146.17,146.17,146.17,146.17,0
912,NFLX,2017-07-05,147.61,148.26,145.58,146.58,4627803
913,NFLX,2017-07-06,146.25,147.27,144.25,146.13,5486482
914,NFLX,2017-07-07,150.18,150.75,146.65,146.65,5561263
915,NFLX,2017-07-10,152.67,153.23,149.65,150.34,5360606
916,NFLX,2017-07-11,154.33,155.23,151.55,152.37,4898645
917,NFLX,2017-07-12,158.75,158.8,155.77,155.77,8481779
918,NFLX,2017-07-13,158.21,160.13,156.98,158.51,6700052
919,NFLX,2017-07-14,161.12,161.35,157.97,159.3,5549221
920,NFLX,2017-07-17,161.7,163.55,160.0201,162.91,17496685
921,NFLX,2017-07-18,183.6,185.0,174.24,176.12,41587395
922,NFLX,2017-07-19,183.86,187.17,181.75,182.97,17344321
923,NFLX,2017-07-20,183.6,185.92,182.7,183.84,7907182
924,NFLX,2017-07-21,188.54,191.5,182.71,182.72,9277448
925,NFLX,2017-07-24,187.91,190.25,187.01,188.685,8797260
926,NFLX,2017-07-25,186.97,188.66,185.81,187.79,5374472
927,NFLX,2017-07-26,189.08,189.7043,187.51,187.7,4479290
928,NFLX,2017-07-27,182.68,190.0,179.38,189.89,11220982
929,NFLX,2017-07-28,184.04,185.03,181.18,182.0,6201947
930,NFLX,2017-07-31,181.66,184.9738,180.65,184.26,4883606
931,NFLX,2017-08-01,182.03,184.62,181.43,182.49,5112707
932,NFLX,2017-08-02,180.74,182.57,177.8149,182.22,5771336
933,NFLX,2017-08-03,179.23,181.2248,178.02,180.53,4627732
934,NFLX,2017-08-04,180.27,181.0,178.5,179.6,4491055
935,NFLX,2017-08-07,181.33,182.27,179.1,181.0,4609788
936,NFLX,2017-08-08,178.36,181.91,177.45,181.37,6104043
937,NFLX,2017-08-09,175.78,175.96,170.01,171.43,9670502
938,NFLX,2017-08-10,169.14,174.45,167.6,174.03,9693057
939,NFLX,2017-08-11,171.4,172.58,169.0,169.86,5022334
940,NFLX,2017-08-14,171.0,172.45,168.8,169.8,7468408
941,NFLX,2017-08-15,168.5,171.88,168.25,171.53,5656064
942,NFLX,2017-08-16,169.98,170.5,166.25,167.5,7013557
943,NFLX,2017-08-17,166.09,170.58,165.72,169.23,5229188
944,NFLX,2017-08-18,166.54,169.97,165.8,165.95,7385736
945,NFLX,2017-08-21,166.76,168.99,164.23,166.91,6480708
946,NFLX,2017-08-22,169.34,169.93,167.04,167.76,4886326
947,NFLX,2017-08-23,169.06,169.64,166.7,168.35,4632256
948,NFLX,2017-08-24,168.13,171.2363,166.15,169.86,5361749
949,NFLX,2017-08-25,165.95,168.75,165.5,168.58,4064040
950,NFLX,2017-08-28,167.12,168.67,165.6,166.43,3657264
951,NFLX,2017-08-29,168.81,169.68,164.73,165.0,4620920
952,NFLX,2017-08-30,174.69,174.85,169.37,169.5,8034743
953,NFLX,2017-08-31,174.71,176.24,173.86,175.45,6940990
954,NFLX,2017-09-01,174.74,176.48,173.92,175.55,3812968
955,NFLX,2017-09-04,174.74,174.74,174.74,174.74,0
956,NFLX,2017-09-05,174.52,175.88,172.44,173.4,4597441
957,NFLX,2017-09-06,179.25,179.46,173.73,175.25,8742643
958,NFLX,2017-09-07,179.0,180.35,177.1,178.8,6036146
959,NFLX,2017-09-08,176.42,180.39,176.25,178.45,4590846
960,NFLX,2017-09-11,181.74,182.47,178.03,178.1,5979447
961,NFLX,2017-09-12,185.15,185.33,180.6435,182.55,6689568
962,NFLX,2017-09-13,183.64,184.4995,182.55,184.07,4320349
963,NFLX,2017-09-14,182.63,185.2882,182.07,183.25,4510722
964,NFLX,2017-09-15,182.35,184.93,181.43,182.73,5591743
965,NFLX,2017-09-18,184.62,185.45,182.73,183.61,5359569
966,NFLX,2017-09-19,185.68,186.23,184.17,184.98,4982086
967,NFLX,2017-09-20,185.51,186.5,183.2,186.1,4624993
968,NFLX,2017-09-21,188.78,189.95,184.51,185.82,7148104
969,NFLX,2017-09-22,187.35,189.85,186.39,188.4,5464312
970,NFLX,2017-09-25,178.55,186.55,177.7,186.46,9367231
971,NFLX,2017-09-26,179.38,180.95,176.55,180.7,5602471
972,NFLX,2017-09-27,181.97,183.34,180.7,181.01,5710544
973,NFLX,2017-09-28,180.7,181.95,179.36,181.25,4076986
974,NFLX,2017-09-29,181.35,182.9,180.65,180.73,4227864
975,NFLX,2017-10-02,177.01,182.8,176.58,182.11,7342007
976,NFLX,2017-10-03,179.19,179.7,177.55,177.65,3956940
977,NFLX,2017-10-04,184.45,186.7,181.25,181.41,9235867
978,NFLX,2017-10-05,194.39,194.49,184.49,185.65,19412690
979,NFLX,2017-10-06,198.02,198.92,192.05,194.3,15348356
980,NFLX,2017-10-09,196.87,199.4,196.56,199.1,6971714
981,NFLX,2017-10-10,195.08,198.3,192.1,197.85,6233823
982,NFLX,2017-10-11,194.95,196.2199,193.81,195.57,6450161
983,NFLX,2017-10-12,195.86,198.62,194.71,196.75,7753341
984,NFLX,2017-10-13,199.49,200.8199,197.1866,199.7,12081252
985,NFLX,2017-10-16,202.68,202.83,197.86,201.95,22105442
986,NFLX,2017-10-17,199.48,204.38,197.77,200.11,23900118
987,NFLX,2017-10-18,195.54,200.01,194.25,199.99,11198938
988,NFLX,2017-10-19,195.13,195.25,191.16,193.01,7034602
989,NFLX,2017-10-20,194.16,196.38,193.77,195.9,5995568
990,NFLX,2017-10-23,192.47,194.8999,191.0346,194.17,6979994
991,NFLX,2017-10-24,196.02,196.735,191.4,192.75,7069108
992,NFLX,2017-10-25,193.77,197.055,193.01,195.38,5315269
993,NFLX,2017-10-26,195.21,197.61,194.08,194.66,5185830
994,NFLX,2017-10-27,199.54,200.65,196.22,197.2,8128567
995,NFLX,2017-10-30,198.37,201.099,197.0721,199.62,5439563
996,NFLX,2017-10-31,196.43,198.59,195.218,198.21,5518595
997,NFLX,2017-11-01,198.0,199.199,196.0,197.24,5017420
998,NFLX,2017-11-02,199.32,199.44,197.0901,197.45,3606332
999,NFLX,2017-11-03,200.01,200.55,197.99,199.8,3678829
1000,NFLX,2017-11-06,200.13,202.48,198.09,200.0,5846581
1001,NFLX,2017-11-07,195.89,200.61,194.8,200.0,6467969
1002,NFLX,2017-11-08,196.44,197.09,194.74,196.0,4237398
1003,NFLX,2017-11-09,193.9,194.49,190.81,194.46,5979925
1004,NFLX,2017-11-10,192.02,192.59,189.5,191.61,6622168
1005,NFLX,2017-11-13,195.08,196.05,191.0,191.12,4606951
1006,NFLX,2017-11-14,195.71,195.88,193.0,193.64,3450513
1007,NFLX,2017-11-15,192.12,195.42,191.53,194.54,4203072
1008,NFLX,2017-11-16,195.51,197.7,193.75,194.33,5678355
1009,NFLX,2017-11-17,193.2,195.95,192.65,195.74,3906333
1010,NFLX,2017-11-20,194.1,194.32,191.9,193.3,3827474
1011,NFLX,2017-11-21,196.23,197.52,194.971,195.04,4787311
1012,NFLX,2017-11-22,196.32,196.75,193.63,196.58,5895402
1013,NFLX,2017-11-23,196.32,196.32,196.32,196.32,0
1014,NFLX,2017-11-24,195.75,196.9,195.33,196.65,2160535
1015,NFLX,2017-11-27,195.05,195.85,194.0,195.56,3210145
1016,NFLX,2017-11-28,199.18,199.68,194.01,195.34,6981094
1017,NFLX,2017-11-29,188.15,199.029,184.32,198.91,14202713
1018,NFLX,2017-11-30,187.58,190.86,186.68,190.31,6630051
1019,NFLX,2017-12-01,186.82,189.8,185.0,186.99,6219531
1020,NFLX,2017-12-04,184.04,189.72,178.38,189.36,9069765
1021,NFLX,2017-12-05,184.21,188.14,181.19,183.5,5783697
1022,NFLX,2017-12-06,185.3,186.4844,182.88,183.38,5490088
1023,NFLX,2017-12-07,185.2,187.34,183.22,185.71,4659542
1024,NFLX,2017-12-08,188.54,189.42,186.3,186.5,4987270
1025,NFLX,2017-12-11,186.22,189.42,185.91,187.85,5298583
1026,NFLX,2017-12-12,185.73,187.85,184.8183,186.01,4265907
1027,NFLX,2017-12-13,187.86,188.69,185.41,186.1,4710041
1028,NFLX,2017-12-14,189.56,192.64,187.2,187.98,7792849
1029,NFLX,2017-12-15,190.12,191.43,188.01,189.61,7285641
1030,NFLX,2017-12-18,190.42,191.65,188.9,191.2,5010961
1031,NFLX,2017-12-19,187.02,190.2981,185.75,190.18,7032978
1032,NFLX,2017-12-20,188.82,189.11,185.26,187.94,6545394
1033,NFLX,2017-12-21,188.62,190.95,187.58,189.44,4729836
1034,NFLX,2017-12-22,189.94,190.95,186.8,188.33,3878904
1035,NFLX,2017-12-25,189.94,189.94,189.94,189.94,0
1036,NFLX,2017-12-26,187.76,189.94,186.4,189.78,3045652
1037,NFLX,2017-12-27,186.24,188.1,185.22,187.8,4002098
1038,NFLX,2017-12-28,192.71,194.49,186.85,187.18,10107392
1039,NFLX,2017-12-29,191.96,193.95,191.22,192.51,5187606
1040,GOOG,2017-01-02,771.82,771.82,771.82,771.82,0
1041,GOOG,2017-01-03,786.14,789.63,775.8,778.81,1657268
1042,GOOG,2017-01-04,786.9,791.34,783.16,788.36,1072958
1043,GOOG,2017-01-05,794.02,794.48,785.02,786.08,1335167
1044,GOOG,2017-01-06,806.15,807.9,792.2041,795.26,1640170
1045,GOOG,2017-01-09,806.65,809.9664,802.83,806.4,1274645
1046,GOOG,2017-01-10,804.79,809.1299,803.51,807.86,1176780
1047,GOOG,2017-01-11,807.91,808.15,801.37,805.0,1065936
1048,GOOG,2017-01-12,806.36,807.39,799.17,807.14,1353057
1049,GOOG,2017-01-13,807.88,811.2244,806.69,807.48,1099215
1050,GOOG,2017-01-16,807.88,807.88,807.88,807.88,0
1051,GOOG,2017-01-17,804.61,807.14,800.37,807.08,1362115
1052,GOOG,2017-01-18,806.07,806.205,800.99,805.81,1294407
1053,GOOG,2017-01-19,802.175,809.48,801.8,805.12,919325
1054,GOOG,2017-01-20,805.02,806.91,801.69,806.91,1670045
1055,GOOG,2017-01-23,819.31,820.87,803.74,807.25,1963628
1056,GOOG,2017-01-24,823.87,825.9,817.821,822.3,1474010
1057,GOOG,2017-01-25,835.67,835.77,825.06,829.62,1627304
1058,GOOG,2017-01-26,832.15,838.0,827.01,837.81,2973891
1059,GOOG,2017-01-27,823.31,841.95,820.44,834.71,2965771
1060,GOOG,2017-01-30,802.32,815.84,799.8,814.66,3246573
1061,GOOG,2017-01-31,796.79,801.25,790.52,796.86,2160556
1062,GOOG,2017-02-01,795.695,801.19,791.19,799.68,2029744
1063,GOOG,2017-02-02,798.53,802.7,792.0,793.8,1532138
1064,GOOG,2017-02-03,801.49,806.0,800.37,802.99,1463448
1065,GOOG,2017-02-06,801.34,801.67,795.2501,799.7,1184483
1066,GOOG,2017-02-07,806.97,810.5,801.78,803.99,1241221
1067,GOOG,2017-02-08,808.38,811.84,803.1903,807.0,1155990
1068,GOOG,2017-02-09,809.56,810.66,804.54,809.51,990391
1069,GOOG,2017-02-10,813.67,815.25,809.78,811.7,1134976
1070,GOOG,2017-02-13,819.24,820.959,815.49,816.0,1213324
1071,GOOG,2017-02-14,820.45,823.0,816.0,819.0,1054732
1072,GOOG,2017-02-15,818.98,823.0,818.47,819.36,1313617
1073,GOOG,2017-02-16,824.16,824.4,818.98,819.93,1287626
1074,GOOG,2017-02-17,828.07,828.07,821.655,823.02,1611039
1075,GOOG,2017-02-20,828.07,828.07,828.07,828.07,0
1076,GOOG,2017-02-21,831.66,833.45,828.35,828.66,1262337
1077,GOOG,2017-02-22,830.76,833.25,828.64,828.66,987248
1078,GOOG,2017-02-23,831.33,832.46,822.88,830.12,1472771
1079,GOOG,2017-02-24,828.64,829.0,824.2,827.73,1392202
1080,GOOG,2017-02-27,829.28,830.5,824.0,824.55,1101466
1081,GOOG,2017-02-28,823.21,828.54,820.2,825.61,2260769
1082,GOOG,2017-03-01,835.24,836.255,827.26,828.85,1496540
1083,GOOG,2017-03-02,830.63,834.51,829.64,833.85,942476
1084,GOOG,2017-03-03,829.08,831.36,825.751,830.56,896378
1085,GOOG,2017-03-06,827.78,828.88,822.4,826.95,1109037
1086,GOOG,2017-03-07,831.91,833.41,826.52,827.4,1037630
1087,GOOG,2017-03-08,835.37,838.15,831.79,833.51,989773
1088,GOOG,2017-03-09,838.68,842.0,834.21,836.0,1261517
1089,GOOG,2017-03-10,843.25,844.91,839.5,843.28,1704024
1090,GOOG,2017-03-13,845.54,848.685,843.25,847.7534,1223647
1091,GOOG,2017-03-14,845.62,847.24,840.8,843.64,780198
1092,GOOG,2017-03-15,847.2,848.63,840.77,847.59,1381474
1093,GOOG,2017-03-16,848.78,850.85,846.13,849.03,977560
1094,GOOG,2017-03-17,852.12,853.4,847.11,851.61,1716471
1095,GOOG,2017-03-20,848.4,850.22,845.15,850.01,1231521
1096,GOOG,2017-03-21,830.46,853.5,829.02,851.4,2463484
1097,GOOG,2017-03-22,829.59,835.55,827.1801,831.91,1401465
1098,GOOG,2017-03-23,817.58,822.57,812.257,821.0,3487056
1099,GOOG,2017-03-24,814.43,821.93,808.89,820.08,1981006
1100,GOOG,2017-03-27,819.51,821.63,803.37,806.95,1894990
1101,GOOG,2017-03-28,820.92,825.99,814.027,820.41,1620542
1102,GOOG,2017-03-29,831.41,832.765,822.3801,825.0,1786321
1103,GOOG,2017-03-30,831.5,833.68,829.0,833.5,1055339
1104,GOOG,2017-03-31,829.56,831.64,827.39,828.97,1401893
1105,GOOG,2017-04-03,838.55,840.85,829.22,829.22,1671503
1106,GOOG,2017-04-04,834.57,835.18,829.0363,831.36,1045363
1107,GOOG,2017-04-05,831.41,842.45,830.72,835.51,1555328
1108,GOOG,2017-04-06,827.88,836.39,826.46,832.4,1254433
1109,GOOG,2017-04-07,824.67,828.485,820.5127,827.96,1057253
1110,GOOG,2017-04-10,824.73,829.35,823.77,825.39,978905
1111,GOOG,2017-04-11,823.35,827.4267,817.0201,824.71,1079732
1112,GOOG,2017-04-12,824.32,826.66,821.02,821.93,900480
1113,GOOG,2017-04-13,823.56,826.38,821.44,822.14,1122362
1114,GOOG,2017-04-14,823.56,823.56,823.56,823.56,0
1115,GOOG,2017-04-17,837.17,837.75,824.47,825.01,895015
1116,GOOG,2017-04-18,836.82,838.93,832.71,834.22,836722
1117,GOOG,2017-04-19,838.21,842.22,836.29,839.79,954330
1118,GOOG,2017-04-20,841.65,845.2,839.32,841.44,959031
1119,GOOG,2017-04-21,843.19,843.88,840.6,842.88,1323583
1120,GOOG,2017-04-24,862.76,863.45,849.86,851.2,1372541
1121,GOOG,2017-04-25,872.3,875.0,862.81,865.0,1671701
1122,GOOG,2017-04-26,871.73,876.05,867.7481,874.23,1237167
1123,GOOG,2017-04-27,874.25,875.4,870.38,873.6,2026816
1124,GOOG,2017-04-28,905.96,916.85,905.77,910.66,3276255
1125,GOOG,2017-05-01,912.57,915.68,901.45,901.94,2115993
1126,GOOG,2017-05-02,916.44,920.77,909.4526,909.62,1587219
1127,GOOG,2017-05-03,927.04,928.1,912.5426,914.86,1499532
1128,GOOG,2017-05-04,931.66,935.93,924.59,926.07,1422144
1129,GOOG,2017-05-05,927.13,934.9,925.2,933.54,1911275
1130,GOOG,2017-05-08,934.3,936.925,925.26,926.12,1329825
1131,GOOG,2017-05-09,932.17,937.5,929.53,936.95,1581809
1132,GOOG,2017-05-10,928.78,932.0,925.16,931.98,1173925
1133,GOOG,2017-05-11,930.6,932.53,923.0301,925.32,835386
1134,GOOG,2017-05-12,932.22,933.44,927.85,931.53,1050601
1135,GOOG,2017-05-15,937.08,938.25,929.34,932.95,1108496
1136,GOOG,2017-05-16,943.0,943.11,937.58,940.0,969479
1137,GOOG,2017-05-17,919.62,939.3325,918.14,935.67,2362072
1138,GOOG,2017-05-18,930.24,933.17,918.75,921.0,1596897
1139,GOOG,2017-05-19,934.01,937.755,931.0,931.47,1393024
1140,GOOG,2017-05-22,941.86,941.8828,935.0,935.0,1120385
1141,GOOG,2017-05-23,948.82,951.4666,942.575,947.92,1270817
1142,GOOG,2017-05-24,954.96,955.09,949.5,952.98,1034199
1143,GOOG,2017-05-25,969.54,972.629,955.47,957.33,1660474
1144,GOOG,2017-05-26,971.47,974.98,965.03,969.7,1252010
1145,GOOG,2017-05-29,971.47,971.47,971.47,971.47,0
1146,GOOG,2017-05-30,975.88,976.2,969.49,970.31,1466654
1147,GOOG,2017-05-31,964.86,979.27,960.18,975.02,2448067
1148,GOOG,2017-06-01,966.95,971.5,960.01,968.95,1410458
1149,GOOG,2017-06-02,975.6,975.88,966.0,969.46,1750955
1150,GOOG,2017-06-05,983.68,986.91,975.1,976.55,1252106
1151,GOOG,2017-06-06,976.57,988.25,975.14,983.16,1814624
1152,GOOG,2017-06-07,981.08,984.15,975.77,979.65,1453874
1153,GOOG,2017-06-08,983.41,984.57,977.2,982.35,1481916
1154,GOOG,2017-06-09,949.83,984.5,935.63,984.5,3309389
1155,GOOG,2017-06-12,942.9,949.355,915.2328,939.56,3763529
1156,GOOG,2017-06-13,953.4,959.98,944.09,951.91,2013337
1157,GOOG,2017-06-14,950.76,961.15,942.25,959.92,1489715
1158,GOOG,2017-06-15,942.31,943.339,924.44,933.97,2133050
1159,GOOG,2017-06-16,939.78,942.04,931.595,940.0,3094711
1160,GOOG,2017-06-19,957.37,959.99,949.05,949.96,1533336
1161,GOOG,2017-06-20,950.63,961.62,950.01,957.52,1125990
1162,GOOG,2017-06-21,959.45,960.1,950.76,953.64,1202233
1163,GOOG,2017-06-22,957.09,960.72,954.55,958.7,941958
1164,GOOG,2017-06-23,965.59,966.0,954.2,956.83,1527856
1165,GOOG,2017-06-26,952.27,973.31,950.79,969.9,1598355
1166,GOOG,2017-06-27,927.33,948.29,926.85,942.46,2579930
1167,GOOG,2017-06-28,940.49,942.75,916.0,929.0,2721406
1168,GOOG,2017-06-29,917.79,931.26,910.62,929.92,3299176
1169,GOOG,2017-06-30,908.73,926.05,908.31,926.05,2090226
1170,GOOG,2017-07-03,898.7,913.94,894.79,912.18,1710373
1171,GOOG,2017-07-04,898.7,898.7,898.7,898.7,0
1172,GOOG,2017-07-05,911.71,914.51,898.5,901.76,1813884
1173,GOOG,2017-07-06,906.69,914.9444,899.7,904.12,1424503
1174,GOOG,2017-07-07,918.59,921.54,908.85,908.85,1637785
1175,GOOG,2017-07-10,928.8,930.38,919.59,921.77,1192825
1176,GOOG,2017-07-11,930.09,931.43,922.0,929.54,1113235
1177,GOOG,2017-07-12,943.83,946.3,934.47,938.68,1532144
1178,GOOG,2017-07-13,947.16,954.45,943.01,946.29,1294687
1179,GOOG,2017-07-14,955.99,956.91,948.005,952.0,1053774
1180,GOOG,2017-07-17,953.42,960.74,949.2407,957.0,1165537
1181,GOOG,2017-07-18,965.4,968.04,950.6,953.0,1153964
1182,GOOG,2017-07-19,970.89,973.04,964.03,967.84,1224540
1183,GOOG,2017-07-20,968.15,975.9,961.51,975.0,1624463
1184,GOOG,2017-07-21,972.92,973.23,960.15,962.25,1711000
1185,GOOG,2017-07-24,980.34,986.2,970.77,972.22,3248347
1186,GOOG,2017-07-25,950.7,959.7,945.4,953.81,4660979
1187,GOOG,2017-07-26,947.8,955.0,942.2788,954.68,2088256
1188,GOOG,2017-07-27,934.09,951.78,920.0,951.78,3212996
1189,GOOG,2017-07-28,941.53,943.83,927.5,929.4,1846351
1190,GOOG,2017-07-31,930.5,943.59,926.04,941.89,1970095
1191,GOOG,2017-08-01,930.83,937.447,929.26,932.38,1277734
1192,GOOG,2017-08-02,930.39,932.6,916.68,928.61,1824448
1193,GOOG,2017-08-03,923.65,932.24,922.24,930.34,1202512
1194,GOOG,2017-08-04,927.96,930.3068,923.03,926.75,1082267
1195,GOOG,2017-08-07,929.36,931.7,926.5,929.06,1032238
1196,GOOG,2017-08-08,926.79,935.814,925.6095,927.09,1061579
1197,GOOG,2017-08-09,922.9,925.98,917.2501,920.61,1192081
1198,GOOG,2017-08-10,907.24,919.26,906.13,917.55,1823967
1199,GOOG,2017-08-11,914.39,917.78,905.58,907.97,1206782
1200,GOOG,2017-08-14,922.67,924.668,918.19,922.53,1064530
1201,GOOG,2017-08-15,922.22,926.5499,919.82,924.23,883369
1202,GOOG,2017-08-16,926.96,932.7,923.445,925.29,1006710
1203,GOOG,2017-08-17,910.98,926.86,910.98,925.78,1277238
1204,GOOG,2017-08-18,910.67,915.275,907.1543,910.31,1342689
1205,GOOG,2017-08-21,906.66,913.0,903.4,910.0,943441
1206,GOOG,2017-08-22,924.69,925.86,911.4751,912.72,1166737
1207,GOOG,2017-08-23,927.0,929.93,919.36,921.93,1090248
1208,GOOG,2017-08-24,921.28,930.84,915.5,928.66,1270306
1209,GOOG,2017-08-25,915.89,925.555,915.5,923.49,1053376
1210,GOOG,2017-08-28,913.81,919.245,911.87,916.0,1086484
1211,GOOG,2017-08-29,921.29,923.33,905.0,905.1,1185564
1212,GOOG,2017-08-30,929.57,930.819,919.65,920.05,1301225
1213,GOOG,2017-08-31,939.33,941.98,931.76,931.76,1582579
1214,GOOG,2017-09-01,937.34,942.48,935.15,941.13,947374
1215,GOOG,2017-09-04,937.34,937.34,937.34,937.34,0
1216,GOOG,2017-09-05,928.45,937.0,921.96,933.08,1348292
1217,GOOG,2017-09-06,927.81,930.915,919.27,930.15,1527650
1218,GOOG,2017-09-07,935.95,936.41,923.62,931.73,1212743
1219,GOOG,2017-09-08,926.5,936.99,924.88,936.49,1011538
1220,GOOG,2017-09-11,929.08,938.38,926.92,934.25,1266991
1221,GOOG,2017-09-12,932.07,933.48,923.861,932.59,1134397
1222,GOOG,2017-09-13,935.09,937.25,929.86,930.66,1102631
1223,GOOG,2017-09-14,925.11,932.77,924.0,931.25,1397644
1224,GOOG,2017-09-15,920.29,926.49,916.36,924.66,2505430
1225,GOOG,2017-09-18,915.0,922.08,910.6,920.01,1306922
1226,GOOG,2017-09-19,921.81,922.4199,912.55,917.42,936654
1227,GOOG,2017-09-20,931.58,933.88,922.0,922.98,1669763
1228,GOOG,2017-09-21,932.45,936.53,923.83,933.0,1290607
1229,GOOG,2017-09-22,928.53,934.73,926.48,927.75,1052704
1230,GOOG,2017-09-25,920.97,926.4,909.7,925.45,1856822
1231,GOOG,2017-09-26,924.86,930.82,921.14,923.72,1666861
1232,GOOG,2017-09-27,944.49,949.9,927.74,927.74,2239441
1233,GOOG,2017-09-28,949.5,950.69,940.55,941.36,1020312
1234,GOOG,2017-09-29,959.11,959.7864,951.51,952.0,1580994
1235,GOOG,2017-10-02,953.27,962.54,947.84,959.98,1283444
1236,GOOG,2017-10-03,957.79,958.0,949.14,954.0,888346
1237,GOOG,2017-10-04,951.68,960.39,950.69,957.0,952391
1238,GOOG,2017-10-05,969.96,970.91,955.18,955.49,1213816
1239,GOOG,2017-10-06,978.89,979.46,963.36,966.7,1173882
1240,GOOG,2017-10-09,977.0,985.425,976.11,980.0,891355
1241,GOOG,2017-10-10,972.6,981.57,966.0801,980.0,968362
1242,GOOG,2017-10-11,989.25,990.71,972.25,973.72,1693274
1243,GOOG,2017-10-12,987.83,994.12,985.0,987.45,1262793
1244,GOOG,2017-10-13,989.68,997.21,989.0,992.0,1169777
1245,GOOG,2017-10-16,992.0,993.9065,984.0,992.1,910543
1246,GOOG,2017-10-17,992.18,996.44,988.59,990.29,1290186
1247,GOOG,2017-10-18,992.81,996.72,986.9747,991.77,1057581
1248,GOOG,2017-10-19,984.45,988.88,978.39,986.0,1313575
1249,GOOG,2017-10-20,988.2,991.0,984.58,989.44,1183186
1250,GOOG,2017-10-23,968.45,989.52,966.12,989.52,1478448
1251,GOOG,2017-10-24,970.54,972.23,961.0,970.0,1212153
1252,GOOG,2017-10-25,973.33,976.09,960.5201,968.37,1211262
1253,GOOG,2017-10-26,972.56,987.6,972.2,980.0,2042149
1254,GOOG,2017-10-27,1019.27,1048.39,1008.2,1009.19,5167689
1255,GOOG,2017-10-30,1017.11,1024.97,1007.5,1014.0,2085062
1256,GOOG,2017-10-31,1016.64,1024.0,1010.42,1015.22,1331391
1257,GOOG,2017-11-01,1025.5,1029.67,1016.95,1017.21,1373444
1258,GOOG,2017-11-02,1025.58,1028.09,1013.01,1021.76,1048970
1259,GOOG,2017-11-03,1032.48,1032.65,1020.31,1022.11,1076350
1260,GOOG,2017-11-06,1025.9,1034.87,1025.0,1028.99,1125185
1261,GOOG,2017-11-07,1033.33,1033.97,1025.13,1027.27,1112331
1262,GOOG,2017-11-08,1039.85,1043.522,1028.45,1030.52,1088716
1263,GOOG,2017-11-09,1031.26,1033.99,1019.6656,1033.99,1245246
1264,GOOG,2017-11-10,1028.07,1030.76,1025.28,1026.46,720676
1265,GOOG,2017-11-13,1025.75,1031.58,1022.57,1023.42,885779
1266,GOOG,2017-11-14,1026.0,1026.81,1014.15,1022.59,959222
1267,GOOG,2017-11-15,1020.91,1024.09,1015.42,1019.21,853992
1268,GOOG,2017-11-16,1032.5,1035.92,1022.52,1022.52,1129688
1269,GOOG,2017-11-17,1019.09,1034.42,1017.75,1034.01,1397064
1270,GOOG,2017-11-20,1018.38,1022.61,1017.5,1020.26,953470
1271,GOOG,2017-11-21,1034.49,1035.11,1022.655,1023.31,1096999
1272,GOOG,2017-11-22,1035.96,1039.706,1031.43,1035.0,746878
1273,GOOG,2017-11-23,1035.96,1035.96,1035.96,1035.96,0
1274,GOOG,2017-11-24,1040.61,1043.178,1035.0,1035.87,536996
1275,GOOG,2017-11-27,1054.21,1055.46,1038.44,1040.0,1307881
1276,GOOG,2017-11-28,1047.41,1062.375,1040.0,1055.09,1424394
1277,GOOG,2017-11-29,1021.66,1044.08,1015.65,1042.68,2459426
1278,GOOG,2017-11-30,1021.41,1028.4899,1015.0,1022.37,1724031
1279,GOOG,2017-12-01,1010.17,1022.4897,1002.02,1015.8,1909566
1280,GOOG,2017-12-04,998.68,1016.1,995.57,1012.66,1906439
1281,GOOG,2017-12-05,1005.15,1020.61,988.28,995.94,2067318
1282,GOOG,2017-12-06,1018.38,1024.97,1001.14,1001.5,1271964
1283,GOOG,2017-12-07,1030.93,1034.24,1018.071,1020.43,1458242
1284,GOOG,2017-12-08,1037.05,1042.05,1032.5222,1037.49,1290774
1285,GOOG,2017-12-11,1041.1,1043.8,1032.0504,1035.5,1192838
1286,GOOG,2017-12-12,1040.48,1050.31,1033.6897,1039.63,1279659
1287,GOOG,2017-12-13,1040.61,1046.665,1038.38,1046.12,1282677
1288,GOOG,2017-12-14,1049.15,1058.5,1043.11,1045.0,1558835
1289,GOOG,2017-12-15,1064.19,1067.62,1049.5,1054.61,3275931
1290,GOOG,2017-12-18,1077.14,1078.49,1062.0,1066.08,1554552
1291,GOOG,2017-12-19,1070.68,1076.84,1063.55,1075.2,1338725
1292,GOOG,2017-12-20,1064.95,1073.38,1061.52,1071.78,1268582
1293,GOOG,2017-12-21,1063.63,1069.33,1061.7938,1064.95,995703
1294,GOOG,2017-12-22,1060.12,1064.2,1059.44,1061.11,755095
1295,GOOG,2017-12-25,1060.12,1060.12,1060.12,1060.12,0
1296,GOOG,2017-12-26,1056.74,1060.12,1050.2,1058.07,761237
1297,GOOG,2017-12-27,1049.37,1058.37,1048.05,1057.39,1271911
1298,GOOG,2017-12-28,1048.14,1054.75,1044.77,1051.6,837121
1299,GOOG,2017-12-29,1046.4,1049.7,1044.9,1046.72,887511
1300,GLD,2017-01-02,109.61,110.62,109.53,110.38,0
1301,GLD,2017-01-03,110.47,111.0,109.37,109.62,7527353
1302,GLD,2017-01-04,110.86,111.22,110.61,111.06,4904119
1303,GLD,2017-01-05,112.58,112.94,112.07,112.16,9606761
1304,GLD,2017-01-06,111.75,112.38,111.57,111.81,7686070
1305,GLD,2017-01-09,112.67,113.0399,112.18,112.39,5674636
1306,GLD,2017-01-10,113.15,113.45,112.635,112.94,6093404
1307,GLD,2017-01-11,113.5,114.19,112.17,112.87,9918689
1308,GLD,2017-01-12,113.91,114.93,113.805,114.52,8457319
1309,GLD,2017-01-13,114.21,114.31,113.19,113.65,7261454
1310,GLD,2017-01-16,114.21,114.31,113.19,113.65,0
1311,GLD,2017-01-17,115.85,115.96,115.495,115.89,9142370
1312,GLD,2017-01-18,114.87,115.92,114.56,115.74,6498109
1313,GLD,2017-01-19,114.77,114.96,113.935,114.32,6437008
1314,GLD,2017-01-20,115.05,115.76,114.32,114.65,12261510
1315,GLD,2017-01-23,115.79,116.17,115.2,115.51,6373102
1316,GLD,2017-01-24,115.27,116.02,114.94,115.69,5798840
1317,GLD,2017-01-25,114.32,114.44,113.68,114.14,6697523
1318,GLD,2017-01-26,113.26,113.505,112.83,113.24,5390463
1319,GLD,2017-01-27,113.49,113.545,112.81,112.93,6706570
1320,GLD,2017-01-30,113.97,114.3,113.535,113.61,7687782
1321,GLD,2017-01-31,115.55,115.8173,115.18,115.27,10421882
1322,GLD,2017-02-01,115.2,115.45,114.14,114.66,6932889
1323,GLD,2017-02-02,115.84,116.57,115.625,116.26,7189461
1324,GLD,2017-02-03,116.13,116.365,115.71,115.73,9455464
1325,GLD,2017-02-06,117.7,117.74,116.74,117.07,8547843
1326,GLD,2017-02-07,117.46,117.74,117.2,117.31,8621039
1327,GLD,2017-02-08,118.19,118.59,117.81,118.09,9633443
1328,GLD,2017-02-09,117.29,118.58,117.2,118.32,8177210
1329,GLD,2017-02-10,117.6,117.86,116.67,116.68,9072146
1330,GLD,2017-02-13,116.8,116.95,116.15,116.73,7354924
1331,GLD,2017-02-14,116.93,117.56,116.38,117.51,6927842
1332,GLD,2017-02-15,117.45,117.48,116.2466,116.33,7088419
1333,GLD,2017-02-16,118.08,118.35,117.83,117.93,6378650
1334,GLD,2017-02-17,117.68,118.4,117.6201,118.19,7338065
1335,GLD,2017-02-20,117.68,118.4,117.6201,118.19,0
1336,GLD,2017-02-21,117.75,118.0,116.77,117.04,6166875
1337,GLD,2017-02-22,117.91,118.02,117.24,117.86,6057179
1338,GLD,2017-02-23,118.94,119.155,118.675,118.76,7523304
1339,GLD,2017-02-24,119.7,119.88,119.25,119.74,9808957
1340,GLD,2017-02-27,119.12,120.4,119.12,119.73,9263499
1341,GLD,2017-02-28,119.23,119.84,118.82,119.71,8727832
1342,GLD,2017-03-01,119.06,119.12,117.95,117.98,8679637
1343,GLD,2017-03-02,117.58,118.34,117.225,117.76,10986262
1344,GLD,2017-03-03,117.51,117.73,116.44,116.95,10665818
1345,GLD,2017-03-06,116.72,117.35,116.63,117.35,4883547
1346,GLD,2017-03-07,115.78,116.25,115.615,116.13,6846277
1347,GLD,2017-03-08,115.06,115.36,114.945,114.99,7620924
1348,GLD,2017-03-09,114.47,115.025,114.405,114.78,6410916
1349,GLD,2017-03-10,114.72,114.73,114.13,114.45,7929500
1350,GLD,2017-03-13,114.74,114.91,114.505,114.63,5807391
1351,GLD,2017-03-14,114.12,115.01,114.025,114.54,5301810
1352,GLD,2017-03-15,116.25,116.25,114.02,114.29,13524082
1353,GLD,2017-03-16,116.73,117.29,116.69,117.27,9322018
1354,GLD,2017-03-17,116.99,117.27,116.91,117.04,4683039
1355,GLD,2017-03-20,117.5645,117.595,117.205,117.31,4000202
1356,GLD,2017-03-21,118.54,118.8,117.76,117.77,9567932
1357,GLD,2017-03-22,118.83,119.15,118.68,118.87,7287350
1358,GLD,2017-03-23,118.67,119.25,118.32,119.15,6201129
1359,GLD,2017-03-24,118.86,119.21,118.39,118.5,6879634
1360,GLD,2017-03-27,119.53,120.08,119.27,119.93,8519573
1361,GLD,2017-03-28,119.04,119.83,118.78,119.74,7112787
1362,GLD,2017-03-29,119.33,119.45,119.047,119.22,4911042
1363,GLD,2017-03-30,118.47,119.12,118.32,118.77,6894572
1364,GLD,2017-03-31,118.72,119.08,118.46,118.61,8520847
1365,GLD,2017-04-03,119.35,119.37,118.67,118.69,6105704
1366,GLD,2017-04-04,119.62,119.77,119.38,119.59,4687301
1367,GLD,2017-04-05,119.62,119.63,118.4,118.62,8105952
1368,GLD,2017-04-06,119.18,119.42,118.975,119.22,4633470
1369,GLD,2017-04-07,119.46,120.67,119.14,120.3,12351114
1370,GLD,2017-04-10,119.46,119.69,118.85,119.04,4623673
1371,GLD,2017-04-11,121.19,121.4,120.29,120.33,12455294
1372,GLD,2017-04-12,122.02,122.22,121.14,121.38,9502540
1373,GLD,2017-04-13,122.6,122.65,122.03,122.54,9892641
1374,GLD,2017-04-14,122.6,122.65,122.03,122.54,0
1375,GLD,2017-04-17,122.24,123.07,121.99,122.55,8469580
1376,GLD,2017-04-18,122.82,123.0292,121.73,122.43,10903701
1377,GLD,2017-04-19,121.73,122.26,121.28,122.25,8472702
1378,GLD,2017-04-20,121.96,122.17,121.5,121.82,11787330
1379,GLD,2017-04-21,122.31,122.61,121.73,122.14,15608031
1380,GLD,2017-04-24,121.48,121.51,120.6601,120.77,11053559
1381,GLD,2017-04-25,120.25,120.87,120.05,120.53,10344784
1382,GLD,2017-04-26,120.84,120.96,119.87,120.21,9758844
1383,GLD,2017-04-27,120.39,120.5975,119.97,120.42,8266954
1384,GLD,2017-04-28,120.77,120.77,120.27,120.34,9134246
1385,GLD,2017-05-01,119.67,120.75,119.35,120.21,9331809
1386,GLD,2017-05-02,119.65,119.65,119.24,119.3,4900784
1387,GLD,2017-05-03,117.98,119.34,117.92,119.18,10811052
1388,GLD,2017-05-04,116.79,117.28,116.63,116.81,12406931
1389,GLD,2017-05-05,117.01,117.07,116.68,116.86,7127199
1390,GLD,2017-05-08,116.75,117.14,116.68,117.03,5438375
1391,GLD,2017-05-09,116.05,116.24,115.56,116.18,6801280
1392,GLD,2017-05-10,116.04,116.4999,115.86,116.42,4290459
1393,GLD,2017-05-11,116.5,116.845,116.185,116.21,6274368
1394,GLD,2017-05-12,116.83,117.16,116.73,117.07,5434477
1395,GLD,2017-05-15,117.14,117.54,116.99,117.52,5019589
1396,GLD,2017-05-16,117.65,117.91,117.4,117.45,4942822
1397,GLD,2017-05-17,119.79,120.02,119.27,119.36,13936876
1398,GLD,2017-05-18,118.81,119.84,118.56,119.77,10341141
1399,GLD,2017-05-19,119.4,119.545,118.88,119.39,6787254
1400,GLD,2017-05-22,119.9,120.14,119.58,119.63,5132485
1401,GLD,2017-05-23,119.14,120.19,118.9841,120.13,8305434
1402,GLD,2017-05-24,119.61,119.7425,118.915,119.07,7064911
1403,GLD,2017-05-25,119.48,119.695,119.29,119.52,4105092
1404,GLD,2017-05-26,120.54,120.79,120.33,120.49,6791648
1405,GLD,2017-05-29,120.54,120.79,120.33,120.49,0
1406,GLD,2017-05-30,120.14,120.33,119.95,120.24,4507493
1407,GLD,2017-05-31,120.62,121.23,120.26,120.31,10360724
1408,GLD,2017-06-01,120.72,120.74,120.06,120.17,8702543
1409,GLD,2017-06-02,121.61,121.71,121.19,121.31,7268054
1410,GLD,2017-06-05,121.73,121.94,121.58,121.91,3979162
1411,GLD,2017-06-06,123.1,123.31,122.77,123.09,10798527
1412,GLD,2017-06-07,122.45,123.16,122.015,122.79,9039175
1413,GLD,2017-06-08,121.65,122.08,120.95,122.07,8169807
1414,GLD,2017-06-09,120.54,120.91,120.4,120.46,7054664
1415,GLD,2017-06-12,120.36,120.685,120.265,120.33,4927375
1416,GLD,2017-06-13,120.48,120.71,119.92,119.95,3786628
1417,GLD,2017-06-14,119.82,121.88,119.57,121.51,21124841
1418,GLD,2017-06-15,119.32,119.5,119.1275,119.22,6796668
1419,GLD,2017-06-16,119.34,119.5,119.24,119.35,6435674
1420,GLD,2017-06-19,118.43,118.84,118.33,118.74,6786973
1421,GLD,2017-06-20,118.18,118.46,118.07,118.42,4617387
1422,GLD,2017-06-21,118.52,118.66,118.15,118.15,4723749
1423,GLD,2017-06-22,118.92,119.1978,118.6,119.13,5811927
1424,GLD,2017-06-23,119.43,119.66,119.31,119.65,9258628
1425,GLD,2017-06-26,118.36,118.535,118.17,118.29,6593380
1426,GLD,2017-06-27,118.81,119.05,118.481,118.87,5759344
1427,GLD,2017-06-28,118.9,119.06,118.685,119.06,4220130
1428,GLD,2017-06-29,118.32,118.64,117.91,117.97,7705165
1429,GLD,2017-06-30,118.02,118.41,117.95,118.08,7272612
1430,GLD,2017-07-03,116.09,116.85,115.94,116.54,12145049
1431,GLD,2017-07-04,116.09,116.85,115.94,116.54,0
1432,GLD,2017-07-05,116.52,116.67,115.87,115.91,7223256
1433,GLD,2017-07-06,116.47,116.61,116.24,116.58,4443390
1434,GLD,2017-07-07,115.28,115.79,114.8,115.78,11153608
1435,GLD,2017-07-10,115.47,115.57,114.83,115.02,4970886
1436,GLD,2017-07-11,115.62,115.77,114.88,115.26,6637939
1437,GLD,2017-07-12,116.03,116.33,115.87,116.21,4654361
1438,GLD,2017-07-13,115.82,116.04,115.67,116.04,4148935
1439,GLD,2017-07-14,116.77,117.25,116.64,117.04,5788219
1440,GLD,2017-07-17,117.29,117.53,117.23,117.42,5170849
1441,GLD,2017-07-18,118.11,118.33,117.88,117.99,7158573
1442,GLD,2017-07-19,118.08,118.27,117.8363,118.18,3205142
1443,GLD,2017-07-20,118.24,118.62,117.66,117.92,5571648
1444,GLD,2017-07-21,119.26,119.39,118.751,119.0,10135919
1445,GLD,2017-07-24,119.31,119.5762,119.18,119.52,3654331
1446,GLD,2017-07-25,118.92,119.32,118.79,118.99,6202988
1447,GLD,2017-07-26,119.88,120.15,118.55,118.57,8527944
1448,GLD,2017-07-27,119.79,120.14,119.28,120.1,6385216
1449,GLD,2017-07-28,120.69,120.8558,120.14,120.15,7393606
1450,GLD,2017-07-31,120.75,120.805,120.45,120.5,3944561
1451,GLD,2017-08-01,120.65,121.14,120.44,120.44,7365056
1452,GLD,2017-08-02,120.4,121.02,120.34,120.51,5945279
1453,GLD,2017-08-03,120.59,120.83,120.31,120.31,4275576
1454,GLD,2017-08-04,119.65,120.039,119.2201,119.97,8644781
1455,GLD,2017-08-07,119.51,119.79,119.43,119.43,3010138
1456,GLD,2017-08-08,119.86,120.12,118.97,120.02,7227220
1457,GLD,2017-08-09,121.31,121.55,120.76,121.02,9186236
1458,GLD,2017-08-10,122.21,122.44,122.03,122.08,9817872
1459,GLD,2017-08-11,122.79,122.83,122.03,122.24,8019519
1460,GLD,2017-08-14,121.92,122.24,121.6845,121.98,6035297
1461,GLD,2017-08-15,120.98,121.2299,120.5828,120.6,6731340
1462,GLD,2017-08-16,121.87,122.06,120.66,120.66,8267341
1463,GLD,2017-08-17,122.49,122.6099,121.76,122.29,8183805
1464,GLD,2017-08-18,122.3,123.54,122.0,123.37,13654226
1465,GLD,2017-08-21,122.76,122.981,122.5,122.54,5549687
1466,GLD,2017-08-22,122.21,122.56,121.85,122.56,6493937
1467,GLD,2017-08-23,122.67,122.69,122.31,122.58,5038391
1468,GLD,2017-08-24,122.29,122.64,122.13,122.39,4193396
1469,GLD,2017-08-25,122.74,123.02,121.29,122.77,12398247
1470,GLD,2017-08-28,124.69,124.73,123.33,123.33,11578265
1471,GLD,2017-08-29,124.42,125.87,124.0545,125.81,9861471
1472,GLD,2017-08-30,124.36,124.62,124.16,124.33,6328422
1473,GLD,2017-08-31,125.82,125.84,124.55,124.58,11775530
1474,GLD,2017-09-01,126.06,126.17,125.12,126.01,11567404
1475,GLD,2017-09-04,126.06,126.06,126.06,126.06,0
1476,GLD,2017-09-05,127.46,127.78,126.57,126.65,11813065
1477,GLD,2017-09-06,126.81,127.44,126.55,127.34,10059273
1478,GLD,2017-09-07,128.13,128.32,127.39,127.56,10219719
1479,GLD,2017-09-08,127.97,128.3,127.59,128.205,9020001
1480,GLD,2017-09-11,126.19,126.94,126.045,126.74,9126591
1481,GLD,2017-09-12,126.56,126.59,125.94,126.03,8349012
1482,GLD,2017-09-13,125.61,126.45,125.5,126.4,8490963
1483,GLD,2017-09-14,126.16,126.44,125.62,125.66,5330663
1484,GLD,2017-09-15,125.53,125.99,125.41,125.99,8375074
1485,GLD,2017-09-18,124.36,124.76,123.965,124.71,8859807
1486,GLD,2017-09-19,124.62,124.65,124.03,124.49,5826537
1487,GLD,2017-09-20,123.62,125.0599,123.15,124.68,11415431
1488,GLD,2017-09-21,122.68,123.07,122.49,122.56,7757897
1489,GLD,2017-09-22,123.24,123.39,122.9348,123.03,6011928
1490,GLD,2017-09-25,124.53,124.66,122.71,122.78,10257209
1491,GLD,2017-09-26,123.14,123.81,122.9,123.57,8673582
1492,GLD,2017-09-27,121.98,122.51,121.88,122.04,6903944
1493,GLD,2017-09-28,122.21,122.475,121.83,122.04,5968213
1494,GLD,2017-09-29,121.58,122.3,121.55,122.29,10207991
1495,GLD,2017-10-02,120.77,121.34,120.74,121.17,11755378
1496,GLD,2017-10-03,120.83,121.1,120.7041,120.72,3728655
1497,GLD,2017-10-04,121.17,121.27,120.7101,121.21,6475238
1498,GLD,2017-10-05,120.52,121.24,120.395,121.15,6205423
1499,GLD,2017-10-06,121.09,121.21,119.7835,120.26,10013282
1500,GLD,2017-10-09,122.08,122.11,121.551,121.64,5264116
1501,GLD,2017-10-10,122.4,122.97,122.36,122.62,9315476
1502,GLD,2017-10-11,122.79,122.88,122.03,122.57,5649430
1503,GLD,2017-10-12,122.89,123.035,122.5,122.84,3037576
1504,GLD,2017-10-13,123.82,123.86,123.34,123.66,6820348
1505,GLD,2017-10-16,122.97,123.97,122.57,123.82,8201979
1506,GLD,2017-10-17,122.13,122.32,121.73,122.03,7041261
1507,GLD,2017-10-18,121.67,121.94,121.55,121.71,3666407
1508,GLD,2017-10-19,122.39,122.55,122.111,122.2,5567279
1509,GLD,2017-10-20,121.61,121.98,121.39,121.68,8481102
1510,GLD,2017-10-23,121.8,121.9,120.96,120.98,5069650
1511,GLD,2017-10-24,121.33,121.71,120.98,121.26,5114120
1512,GLD,2017-10-25,121.35,121.5899,120.84,121.31,4282369
1513,GLD,2017-10-26,120.33,121.16,120.22,121.16,6438806
1514,GLD,2017-10-27,120.9,120.99,120.21,120.38,6664180
1515,GLD,2017-10-30,121.13,121.47,120.8,120.93,5119241
1516,GLD,2017-10-31,120.67,120.84,120.38,120.82,3910495
1517,GLD,2017-11-01,121.11,121.55,120.835,120.98,4647787
1518,GLD,2017-11-02,121.19,121.96,121.05,121.29,5369504
1519,GLD,2017-11-03,120.62,121.43,120.1844,121.36,6330642
1520,GLD,2017-11-06,121.65,121.85,120.68,120.72,6953772
1521,GLD,2017-11-07,121.21,121.56,120.78,121.51,4165933
1522,GLD,2017-11-08,121.63,122.25,121.59,121.95,5565212
1523,GLD,2017-11-09,122.13,122.41,121.73,121.85,6072442
1524,GLD,2017-11-10,121.13,122.11,120.935,121.99,7116200
1525,GLD,2017-11-13,121.31,121.55,121.27,121.43,6249346
1526,GLD,2017-11-14,121.56,121.91,120.77,120.9,6188992
1527,GLD,2017-11-15,121.41,122.36,121.25,122.13,4984812
1528,GLD,2017-11-16,121.4,121.71,121.29,121.45,2796545
1529,GLD,2017-11-17,122.86,123.17,121.95,122.15,10613955
1530,GLD,2017-11-20,121.31,122.41,121.04,122.3,8356673
1531,GLD,2017-11-21,121.51,122.0,121.5,121.67,4956456
1532,GLD,2017-11-22,122.63,122.95,122.17,122.26,5211832
1533,GLD,2017-11-23,122.63,122.63,122.63,122.63,0
1534,GLD,2017-11-24,122.32,122.61,122.22,122.36,1779705
1535,GLD,2017-11-27,122.83,123.33,122.67,123.26,4961215
1536,GLD,2017-11-28,122.81,123.17,122.53,123.05,5603112
1537,GLD,2017-11-29,122.04,122.33,121.74,122.24,6138941
1538,GLD,2017-11-30,121.1,121.695,120.64,121.44,7936260
1539,GLD,2017-12-01,121.59,122.43,120.74,120.94,13080101
1540,GLD,2017-12-04,121.18,121.2,120.84,121.15,6943679
1541,GLD,2017-12-05,120.32,120.505,119.72,120.44,10041159
1542,GLD,2017-12-06,120.07,120.44,119.87,120.03,6643006
1543,GLD,2017-12-07,118.49,119.24,118.1,119.01,12900240
1544,GLD,2017-12-08,118.48,118.92,118.33,118.63,5231287
1545,GLD,2017-12-11,118.01,118.54,117.8,118.37,4522244
1546,GLD,2017-12-12,118.15,118.17,117.4,117.73,8020109
1547,GLD,2017-12-13,119.17,119.35,118.01,118.19,10086657
1548,GLD,2017-12-14,118.93,119.285,118.705,119.1,6993592
1549,GLD,2017-12-15,119.18,119.5,118.97,119.41,7531964
1550,GLD,2017-12-18,119.73,119.99,119.6,119.63,5452212
1551,GLD,2017-12-19,119.82,119.9,119.53,119.67,4018885
1552,GLD,2017-12-20,120.14,120.36,119.81,119.98,5734625
1553,GLD,2017-12-21,120.31,120.45,120.0,120.07,4823709
1554,GLD,2017-12-22,120.94,121.14,120.57,120.67,5791312
1555,GLD,2017-12-25,120.94,120.94,120.94,120.94,0
1556,GLD,2017-12-26,121.77,121.87,121.51,121.55,8224411
1557,GLD,2017-12-27,122.23,122.34,121.875,122.0,6232678
1558,GLD,2017-12-28,122.85,122.92,122.56,122.82,5732725
1559,GLD,2017-12-29,123.65,124.085,123.46,123.7,7852109
